param,value,cal,input_data,year_missing
FCAdaptation,1.2773028205203485,statn_2011,statn,2011
ACAdaptation,0.9159189120783654,statn_2011,statn,2011
DCAdaptation,0.8411491667901698,statn_2011,statn,2011
kf_fact,1.0189342407078557,statn_2011,statn,2011
baseTemp,-4.1016211355053525,statn_2011,statn,2011
t_factor,0.14672141031816782,statn_2011,statn,2011
r_factor,0.45102411659926056,statn_2011,statn,2011
g_factor,2.346311885285114,statn_2011,statn,2011
snowCritDens,0.25780079578196746,statn_2011,statn,2011
ccf_factor,0.03477175241496648,statn_2011,statn,2011
snow_trans,2.117950270176953,statn_2011,statn,2011
snow_trs,2.470895877866321,statn_2011,statn,2011
a_rain,7.653889686476227,statn_2011,statn,2011
a_snow,9.441028045698996,statn_2011,statn,2011
soilMaxDPS,3.419722897858558,statn_2011,statn,2011
soilPolRed,46.38909609045188,statn_2011,statn,2011
soilMaxInfSummer,97.052881998201,statn_2011,statn,2011
soilMaxInfWinter,79.58276253244406,statn_2011,statn,2011
soilMaxInfSnow,16.59897257539923,statn_2011,statn,2011
soilDistMPSLPS,3.8186450177257054,statn_2011,statn,2011
soilDiffMPSLPS,8.555919697118293,statn_2011,statn,2011
soilOutLPS,0.4228608366568438,statn_2011,statn,2011
soilLatVertLPS,0.9360853960781128,statn_2011,statn,2011
geoMaxPerc,3.4325560936300943,statn_2011,statn,2011
kdiff_layer,34.82039152271835,statn_2011,statn,2011
BetaW,3.6408821328008094,statn_2011,statn,2011
lagSurfaceRunoff,1.3676787583097734,statn_2011,statn,2011
lagInterflow,1.0410798272363977,statn_2011,statn,2011
gwRG1RG2dist,0.3379762822501938,statn_2011,statn,2011
gwRG1Fact,1.093219971156841,statn_2011,statn,2011
gwRG2Fact,59.81935291347055,statn_2011,statn,2011
gwCapRise,0.2373074040412909,statn_2011,statn,2011
flowRouteTA,1.097279755340581,statn_2011,statn,2011
FCAdaptation,1.288092022985007,statn_2012,statn,2012
ACAdaptation,0.9124471499673062,statn_2012,statn,2012
DCAdaptation,0.8101098320238578,statn_2012,statn,2012
kf_fact,1.142115120108944,statn_2012,statn,2012
baseTemp,-4.063727179141445,statn_2012,statn,2012
t_factor,0.1144199065340438,statn_2012,statn,2012
r_factor,3.1180789076723814,statn_2012,statn,2012
g_factor,2.7334945562840547,statn_2012,statn,2012
snowCritDens,0.45384647353936974,statn_2012,statn,2012
ccf_factor,0.044775644476233015,statn_2012,statn,2012
snow_trans,1.8466092650985249,statn_2012,statn,2012
snow_trs,3.2887047928515303,statn_2012,statn,2012
a_rain,9.051909506293306,statn_2012,statn,2012
a_snow,9.771952785352852,statn_2012,statn,2012
soilMaxDPS,5.358655173831952,statn_2012,statn,2012
soilPolRed,43.30202302849417,statn_2012,statn,2012
soilMaxInfSummer,9.030456000335027,statn_2012,statn,2012
soilMaxInfWinter,61.90138025746165,statn_2012,statn,2012
soilMaxInfSnow,32.85064842535883,statn_2012,statn,2012
soilDistMPSLPS,2.469674892567387,statn_2012,statn,2012
soilDiffMPSLPS,3.4382037520041457,statn_2012,statn,2012
soilOutLPS,0.49042113048152014,statn_2012,statn,2012
soilLatVertLPS,1.0028977468591953,statn_2012,statn,2012
geoMaxPerc,7.922796728291608,statn_2012,statn,2012
kdiff_layer,14.621003627039007,statn_2012,statn,2012
BetaW,3.48281095878181,statn_2012,statn,2012
lagSurfaceRunoff,1.2643629675144898,statn_2012,statn,2012
lagInterflow,1.1239581636815623,statn_2012,statn,2012
gwRG1RG2dist,0.8459926136764495,statn_2012,statn,2012
gwRG1Fact,1.005344557284176,statn_2012,statn,2012
gwRG2Fact,11.247526656538628,statn_2012,statn,2012
gwCapRise,0.4108367230829537,statn_2012,statn,2012
flowRouteTA,1.0032223204821684,statn_2012,statn,2012
FCAdaptation,1.2942076788303454,statn_2013,statn,2013
ACAdaptation,0.9008802309185628,statn_2013,statn,2013
DCAdaptation,0.8097042699408522,statn_2013,statn,2013
kf_fact,1.1781748177939024,statn_2013,statn,2013
baseTemp,-3.939029089396619,statn_2013,statn,2013
t_factor,0.07539633365637055,statn_2013,statn,2013
r_factor,0.6137453831772117,statn_2013,statn,2013
g_factor,2.194974428745351,statn_2013,statn,2013
snowCritDens,0.6531902561634877,statn_2013,statn,2013
ccf_factor,0.03573087824896059,statn_2013,statn,2013
snow_trans,1.8341333357263383,statn_2013,statn,2013
snow_trs,3.0367087260479027,statn_2013,statn,2013
a_rain,8.458926291360013,statn_2013,statn,2013
a_snow,9.968590847564858,statn_2013,statn,2013
soilMaxDPS,2.061622138112615,statn_2013,statn,2013
soilPolRed,39.09512224044427,statn_2013,statn,2013
soilMaxInfSummer,51.80934430253181,statn_2013,statn,2013
soilMaxInfWinter,11.5244775118867,statn_2013,statn,2013
soilMaxInfSnow,92.11546825869134,statn_2013,statn,2013
soilDistMPSLPS,4.55136805527844,statn_2013,statn,2013
soilDiffMPSLPS,8.322920407774019,statn_2013,statn,2013
soilOutLPS,0.2855807015717994,statn_2013,statn,2013
soilLatVertLPS,1.0512260662503885,statn_2013,statn,2013
geoMaxPerc,5.252193639118366,statn_2013,statn,2013
kdiff_layer,17.502062125741965,statn_2013,statn,2013
BetaW,1.387253031436991,statn_2013,statn,2013
lagSurfaceRunoff,1.2747335435145926,statn_2013,statn,2013
lagInterflow,1.3375152157289885,statn_2013,statn,2013
gwRG1RG2dist,0.6624888430560738,statn_2013,statn,2013
gwRG1Fact,1.0266016938970235,statn_2013,statn,2013
gwRG2Fact,7.025829187547397,statn_2013,statn,2013
gwCapRise,0.4902556892263394,statn_2013,statn,2013
flowRouteTA,1.1855667918014463,statn_2013,statn,2013
FCAdaptation,1.2921572821957348,statn_2014,statn,2014
ACAdaptation,0.9409240602087712,statn_2014,statn,2014
DCAdaptation,0.809988641736705,statn_2014,statn,2014
kf_fact,0.8958220658106479,statn_2014,statn,2014
baseTemp,-4.053972193828247,statn_2014,statn,2014
t_factor,0.14262120320894173,statn_2014,statn,2014
r_factor,0.7317224062284724,statn_2014,statn,2014
g_factor,1.4298077125184885,statn_2014,statn,2014
snowCritDens,0.2460473406606716,statn_2014,statn,2014
ccf_factor,0.03250290889939456,statn_2014,statn,2014
snow_trans,2.4838005844885025,statn_2014,statn,2014
snow_trs,2.629934699281205,statn_2014,statn,2014
a_rain,8.233379243193717,statn_2014,statn,2014
a_snow,9.917932913290876,statn_2014,statn,2014
soilMaxDPS,6.062233494518267,statn_2014,statn,2014
soilPolRed,48.70742765109633,statn_2014,statn,2014
soilMaxInfSummer,68.31341671656601,statn_2014,statn,2014
soilMaxInfWinter,28.48403753544168,statn_2014,statn,2014
soilMaxInfSnow,65.52012504363722,statn_2014,statn,2014
soilDistMPSLPS,6.09211768952043,statn_2014,statn,2014
soilDiffMPSLPS,6.340602432725442,statn_2014,statn,2014
soilOutLPS,0.49320018088462125,statn_2014,statn,2014
soilLatVertLPS,1.0502301578199345,statn_2014,statn,2014
geoMaxPerc,5.185740161813582,statn_2014,statn,2014
kdiff_layer,32.33351524125897,statn_2014,statn,2014
BetaW,2.5251030845649614,statn_2014,statn,2014
lagSurfaceRunoff,1.1521157021580493,statn_2014,statn,2014
lagInterflow,1.0113852697423331,statn_2014,statn,2014
gwRG1RG2dist,0.4980004186003932,statn_2014,statn,2014
gwRG1Fact,1.07718278997007,statn_2014,statn,2014
gwRG2Fact,21.889392072784364,statn_2014,statn,2014
gwCapRise,0.2874971231333172,statn_2014,statn,2014
flowRouteTA,1.0001453399828812,statn_2014,statn,2014
FCAdaptation,1.2994461170197456,statn_2015,statn,2015
ACAdaptation,1.0648184524430575,statn_2015,statn,2015
DCAdaptation,0.8770378809686648,statn_2015,statn,2015
kf_fact,0.9970608835295875,statn_2015,statn,2015
baseTemp,-1.6035522621391496,statn_2015,statn,2015
t_factor,0.04846438209566489,statn_2015,statn,2015
r_factor,0.21423621614488983,statn_2015,statn,2015
g_factor,1.4100481757269483,statn_2015,statn,2015
snowCritDens,0.4954941177975728,statn_2015,statn,2015
ccf_factor,0.006916679136026737,statn_2015,statn,2015
snow_trans,2.3601122966475154,statn_2015,statn,2015
snow_trs,3.274486250171502,statn_2015,statn,2015
a_rain,7.81628991858001,statn_2015,statn,2015
a_snow,6.194396946046325,statn_2015,statn,2015
soilMaxDPS,6.765016556009322,statn_2015,statn,2015
soilPolRed,41.83677136182707,statn_2015,statn,2015
soilMaxInfSummer,47.78811773122003,statn_2015,statn,2015
soilMaxInfWinter,94.83987294508135,statn_2015,statn,2015
soilMaxInfSnow,30.16253678364329,statn_2015,statn,2015
soilDistMPSLPS,4.2863336390004605,statn_2015,statn,2015
soilDiffMPSLPS,3.1107859278146845,statn_2015,statn,2015
soilOutLPS,0.2041291181238054,statn_2015,statn,2015
soilLatVertLPS,0.6450727013224915,statn_2015,statn,2015
geoMaxPerc,7.005366293836996,statn_2015,statn,2015
kdiff_layer,35.549418528923724,statn_2015,statn,2015
BetaW,6.721878116643976,statn_2015,statn,2015
lagSurfaceRunoff,1.2500379886931177,statn_2015,statn,2015
lagInterflow,1.096548720806972,statn_2015,statn,2015
gwRG1RG2dist,0.6120545046688575,statn_2015,statn,2015
gwRG1Fact,1.0034544051619765,statn_2015,statn,2015
gwRG2Fact,40.23388911629279,statn_2015,statn,2015
gwCapRise,0.5099503098867568,statn_2015,statn,2015
flowRouteTA,1.088541143687215,statn_2015,statn,2015
FCAdaptation,1.288610106629623,statn_2016,statn,2016
ACAdaptation,0.9050620671157648,statn_2016,statn,2016
DCAdaptation,0.8552603675528311,statn_2016,statn,2016
kf_fact,1.5741202836492774,statn_2016,statn,2016
baseTemp,-4.312533534634727,statn_2016,statn,2016
t_factor,0.17418093449893474,statn_2016,statn,2016
r_factor,0.197087832874178,statn_2016,statn,2016
g_factor,1.5773647454484512,statn_2016,statn,2016
snowCritDens,0.7884717229548955,statn_2016,statn,2016
ccf_factor,0.03839823181492687,statn_2016,statn,2016
snow_trans,1.5209159141416209,statn_2016,statn,2016
snow_trs,2.9904791102745145,statn_2016,statn,2016
a_rain,7.19885421606064,statn_2016,statn,2016
a_snow,9.987361360431793,statn_2016,statn,2016
soilMaxDPS,1.905986052490092,statn_2016,statn,2016
soilPolRed,42.07629978140688,statn_2016,statn,2016
soilMaxInfSummer,14.529955719753756,statn_2016,statn,2016
soilMaxInfWinter,77.97871058365901,statn_2016,statn,2016
soilMaxInfSnow,48.13395287731131,statn_2016,statn,2016
soilDistMPSLPS,5.263611608939903,statn_2016,statn,2016
soilDiffMPSLPS,4.70253268625948,statn_2016,statn,2016
soilOutLPS,0.5572462588881446,statn_2016,statn,2016
soilLatVertLPS,1.1541963216198965,statn_2016,statn,2016
geoMaxPerc,4.914298851663812,statn_2016,statn,2016
kdiff_layer,40.56273027293092,statn_2016,statn,2016
BetaW,1.772300511151415,statn_2016,statn,2016
lagSurfaceRunoff,1.4551201088158183,statn_2016,statn,2016
lagInterflow,1.319983031801405,statn_2016,statn,2016
gwRG1RG2dist,0.6439984108155237,statn_2016,statn,2016
gwRG1Fact,1.080155411008438,statn_2016,statn,2016
gwRG2Fact,45.76355833013872,statn_2016,statn,2016
gwCapRise,0.1556289505794288,statn_2016,statn,2016
flowRouteTA,1.106275899694701,statn_2016,statn,2016
FCAdaptation,1.2993850994281622,statn_2017,statn,2017
ACAdaptation,0.9161262653778142,statn_2017,statn,2017
DCAdaptation,0.8174018265711467,statn_2017,statn,2017
kf_fact,1.296146083405787,statn_2017,statn,2017
baseTemp,-3.9347746397227095,statn_2017,statn,2017
t_factor,0.13684485531857016,statn_2017,statn,2017
r_factor,1.0553220841271358,statn_2017,statn,2017
g_factor,1.818840434622918,statn_2017,statn,2017
snowCritDens,0.6358457707863435,statn_2017,statn,2017
ccf_factor,0.03599901203788643,statn_2017,statn,2017
snow_trans,2.1379760970350947,statn_2017,statn,2017
snow_trs,2.996093733180553,statn_2017,statn,2017
a_rain,7.836643707847973,statn_2017,statn,2017
a_snow,9.923288067670969,statn_2017,statn,2017
soilMaxDPS,2.609420158721698,statn_2017,statn,2017
soilPolRed,48.14247524553927,statn_2017,statn,2017
soilMaxInfSummer,34.48818952990284,statn_2017,statn,2017
soilMaxInfWinter,49.2407119363608,statn_2017,statn,2017
soilMaxInfSnow,13.332565756323394,statn_2017,statn,2017
soilDistMPSLPS,5.864806809703365,statn_2017,statn,2017
soilDiffMPSLPS,7.745032087192552,statn_2017,statn,2017
soilOutLPS,0.516285535621281,statn_2017,statn,2017
soilLatVertLPS,0.9620099531950012,statn_2017,statn,2017
geoMaxPerc,2.271888504332745,statn_2017,statn,2017
kdiff_layer,48.37765100514566,statn_2017,statn,2017
BetaW,2.7541502489479344,statn_2017,statn,2017
lagSurfaceRunoff,1.1031055968750183,statn_2017,statn,2017
lagInterflow,1.155183292100032,statn_2017,statn,2017
gwRG1RG2dist,0.8706275029413353,statn_2017,statn,2017
gwRG1Fact,1.0663322032972755,statn_2017,statn,2017
gwRG2Fact,16.30265848180179,statn_2017,statn,2017
gwCapRise,0.5532880475085056,statn_2017,statn,2017
flowRouteTA,1.9582198192554383,statn_2017,statn,2017
FCAdaptation,1.2736588308165444,statn_2018,statn,2018
ACAdaptation,0.9123313263524084,statn_2018,statn,2018
DCAdaptation,0.8002151441156165,statn_2018,statn,2018
kf_fact,1.2754483166760755,statn_2018,statn,2018
baseTemp,-4.614938006389008,statn_2018,statn,2018
t_factor,0.10265107522548664,statn_2018,statn,2018
r_factor,0.5376415307313002,statn_2018,statn,2018
g_factor,2.293104410874743,statn_2018,statn,2018
snowCritDens,0.5532464355241131,statn_2018,statn,2018
ccf_factor,0.0443384022208964,statn_2018,statn,2018
snow_trans,2.254334057042427,statn_2018,statn,2018
snow_trs,1.9568278871657745,statn_2018,statn,2018
a_rain,7.325872910874604,statn_2018,statn,2018
a_snow,9.852919680749253,statn_2018,statn,2018
soilMaxDPS,5.588543287962188,statn_2018,statn,2018
soilPolRed,47.51915957664962,statn_2018,statn,2018
soilMaxInfSummer,42.355051651869786,statn_2018,statn,2018
soilMaxInfWinter,89.54444679605015,statn_2018,statn,2018
soilMaxInfSnow,16.069109282736406,statn_2018,statn,2018
soilDistMPSLPS,3.650149344798109,statn_2018,statn,2018
soilDiffMPSLPS,8.493117420686032,statn_2018,statn,2018
soilOutLPS,0.13121014735340555,statn_2018,statn,2018
soilLatVertLPS,1.1173525582313906,statn_2018,statn,2018
geoMaxPerc,5.657775994321828,statn_2018,statn,2018
kdiff_layer,45.40516863684151,statn_2018,statn,2018
BetaW,3.400494330974215,statn_2018,statn,2018
lagSurfaceRunoff,1.4324254743795977,statn_2018,statn,2018
lagInterflow,1.5888310397137442,statn_2018,statn,2018
gwRG1RG2dist,0.7616848118899273,statn_2018,statn,2018
gwRG1Fact,1.036653682104013,statn_2018,statn,2018
gwRG2Fact,11.945145117263134,statn_2018,statn,2018
gwCapRise,0.44392572288644094,statn_2018,statn,2018
flowRouteTA,1.2779778775966455,statn_2018,statn,2018
FCAdaptation,1.2842324807930487,statn_2019,statn,2019
ACAdaptation,0.999146296234314,statn_2019,statn,2019
DCAdaptation,0.8214902585186399,statn_2019,statn,2019
kf_fact,0.9468022998919858,statn_2019,statn,2019
baseTemp,-3.9836627565726745,statn_2019,statn,2019
t_factor,0.14098360054824577,statn_2019,statn,2019
r_factor,2.4471302933289385,statn_2019,statn,2019
g_factor,2.184805002966914,statn_2019,statn,2019
snowCritDens,0.3940247190394964,statn_2019,statn,2019
ccf_factor,0.014898079887595513,statn_2019,statn,2019
snow_trans,1.9286617592123871,statn_2019,statn,2019
snow_trs,3.002966664879168,statn_2019,statn,2019
a_rain,8.788072504013375,statn_2019,statn,2019
a_snow,9.717861611575726,statn_2019,statn,2019
soilMaxDPS,5.70679809182844,statn_2019,statn,2019
soilPolRed,44.98690201545863,statn_2019,statn,2019
soilMaxInfSummer,73.5477955297802,statn_2019,statn,2019
soilMaxInfWinter,69.18156993039824,statn_2019,statn,2019
soilMaxInfSnow,63.73618467161859,statn_2019,statn,2019
soilDistMPSLPS,3.5512039264641144,statn_2019,statn,2019
soilDiffMPSLPS,7.183567841058959,statn_2019,statn,2019
soilOutLPS,0.2243429451563164,statn_2019,statn,2019
soilLatVertLPS,0.8445856540924752,statn_2019,statn,2019
geoMaxPerc,6.620812858059606,statn_2019,statn,2019
kdiff_layer,32.44543556973157,statn_2019,statn,2019
BetaW,2.9852414633302446,statn_2019,statn,2019
lagSurfaceRunoff,1.3243815728060366,statn_2019,statn,2019
lagInterflow,1.379104288221101,statn_2019,statn,2019
gwRG1RG2dist,0.5226989665511281,statn_2019,statn,2019
gwRG1Fact,1.026128119434345,statn_2019,statn,2019
gwRG2Fact,48.069792126098605,statn_2019,statn,2019
gwCapRise,0.2566288418204065,statn_2019,statn,2019
flowRouteTA,1.1061966930236231,statn_2019,statn,2019
FCAdaptation,1.2880435645756858,statn_2020,statn,2020
ACAdaptation,0.916658674970745,statn_2020,statn,2020
DCAdaptation,0.8240290783056572,statn_2020,statn,2020
kf_fact,1.1435786372960377,statn_2020,statn,2020
baseTemp,-4.646648247291366,statn_2020,statn,2020
t_factor,0.1528060602412208,statn_2020,statn,2020
r_factor,0.6679408287000104,statn_2020,statn,2020
g_factor,2.617780628375386,statn_2020,statn,2020
snowCritDens,0.32527296167999653,statn_2020,statn,2020
ccf_factor,0.04756286243590696,statn_2020,statn,2020
snow_trans,1.2031129260796496,statn_2020,statn,2020
snow_trs,2.626272820497102,statn_2020,statn,2020
a_rain,8.791018222625631,statn_2020,statn,2020
a_snow,9.986213234543754,statn_2020,statn,2020
soilMaxDPS,6.839335434562141,statn_2020,statn,2020
soilPolRed,42.31819077143616,statn_2020,statn,2020
soilMaxInfSummer,1.356945028182166,statn_2020,statn,2020
soilMaxInfWinter,71.3279626512262,statn_2020,statn,2020
soilMaxInfSnow,6.561121976167583,statn_2020,statn,2020
soilDistMPSLPS,3.146955047484102,statn_2020,statn,2020
soilDiffMPSLPS,5.219664004975845,statn_2020,statn,2020
soilOutLPS,0.4048189658259576,statn_2020,statn,2020
soilLatVertLPS,0.9108164663045324,statn_2020,statn,2020
geoMaxPerc,4.110951074709419,statn_2020,statn,2020
kdiff_layer,33.87605067193897,statn_2020,statn,2020
BetaW,5.026145873669734,statn_2020,statn,2020
lagSurfaceRunoff,1.3540754869527336,statn_2020,statn,2020
lagInterflow,1.0909936812740435,statn_2020,statn,2020
gwRG1RG2dist,0.386633644086418,statn_2020,statn,2020
gwRG1Fact,1.0962063084451217,statn_2020,statn,2020
gwRG2Fact,39.143976092564735,statn_2020,statn,2020
gwCapRise,0.5791667331311546,statn_2020,statn,2020
flowRouteTA,1.0175031393285088,statn_2020,statn,2020
FCAdaptation,1.2860855773920274,statn_all,statn,none
ACAdaptation,0.9071517520373662,statn_all,statn,none
DCAdaptation,0.8406646850018958,statn_all,statn,none
kf_fact,1.6380907643798284,statn_all,statn,none
baseTemp,-2.775768018964749,statn_all,statn,none
t_factor,0.08466993921367877,statn_all,statn,none
r_factor,1.037677634431124,statn_all,statn,none
g_factor,2.261823734261687,statn_all,statn,none
snowCritDens,0.383071476976686,statn_all,statn,none
ccf_factor,0.03222112038736623,statn_all,statn,none
snow_trans,2.2789104452673343,statn_all,statn,none
snow_trs,1.93241424009334,statn_all,statn,none
a_rain,7.861494216128157,statn_all,statn,none
a_snow,9.977514606015198,statn_all,statn,none
soilMaxDPS,2.1196720964147646,statn_all,statn,none
soilPolRed,44.2034038034807,statn_all,statn,none
soilMaxInfSummer,129.5848055603843,statn_all,statn,none
soilMaxInfWinter,73.60676053797177,statn_all,statn,none
soilMaxInfSnow,66.00141490193992,statn_all,statn,none
soilDistMPSLPS,2.515345049623603,statn_all,statn,none
soilDiffMPSLPS,4.46564138973307,statn_all,statn,none
soilOutLPS,0.26321552251023617,statn_all,statn,none
soilLatVertLPS,0.9983892816153416,statn_all,statn,none
geoMaxPerc,4.808848734911338,statn_all,statn,none
kdiff_layer,23.3348128256829,statn_all,statn,none
BetaW,2.5061736849316083,statn_all,statn,none
lagSurfaceRunoff,1.093823794610642,statn_all,statn,none
lagInterflow,1.4392748481466788,statn_all,statn,none
gwRG1RG2dist,0.41961218715762993,statn_all,statn,none
gwRG1Fact,1.0188565875133202,statn_all,statn,none
gwRG2Fact,21.046720940651745,statn_all,statn,none
gwCapRise,0.4317768058925204,statn_all,statn,none
flowRouteTA,1.09144680997656,statn_all,statn,none
FCAdaptation,0.8135595234983788,grid_2011,grid,2011
ACAdaptation,1.1990491285424971,grid_2011,grid,2011
DCAdaptation,0.8301434900320626,grid_2011,grid,2011
kf_fact,0.9624224133678708,grid_2011,grid,2011
baseTemp,0.5230496636205888,grid_2011,grid,2011
t_factor,2.902695793489261,grid_2011,grid,2011
r_factor,2.5445759715779293,grid_2011,grid,2011
g_factor,3.029714388408024,grid_2011,grid,2011
snowCritDens,0.4450723794511245,grid_2011,grid,2011
ccf_factor,0.040700819207362605,grid_2011,grid,2011
snow_trans,0.12770745820226503,grid_2011,grid,2011
snow_trs,4.924155827558908,grid_2011,grid,2011
a_rain,9.95980241409055,grid_2011,grid,2011
a_snow,2.4820832763965077,grid_2011,grid,2011
soilMaxDPS,6.4218873776181296,grid_2011,grid,2011
soilPolRed,47.053532357144704,grid_2011,grid,2011
soilMaxInfSummer,39.67460405007715,grid_2011,grid,2011
soilMaxInfWinter,82.77065398023801,grid_2011,grid,2011
soilMaxInfSnow,23.38308535974867,grid_2011,grid,2011
soilDistMPSLPS,0.005406535074978347,grid_2011,grid,2011
soilDiffMPSLPS,0.8729176450945177,grid_2011,grid,2011
soilOutLPS,0.2027384656857729,grid_2011,grid,2011
soilLatVertLPS,0.014582133657926105,grid_2011,grid,2011
geoMaxPerc,6.764805256810405,grid_2011,grid,2011
kdiff_layer,41.99640574404361,grid_2011,grid,2011
BetaW,4.480767181449693,grid_2011,grid,2011
lagSurfaceRunoff,1.498106539884009,grid_2011,grid,2011
lagInterflow,1.0914703487721145,grid_2011,grid,2011
gwRG1RG2dist,0.8359469685961816,grid_2011,grid,2011
gwRG1Fact,1.0473921092302048,grid_2011,grid,2011
gwRG2Fact,37.58739053326628,grid_2011,grid,2011
gwCapRise,0.5175643945455067,grid_2011,grid,2011
flowRouteTA,1.0026281405507422,grid_2011,grid,2011
FCAdaptation,0.8235956532923445,grid_2012,grid,2012
ACAdaptation,1.1940759938837389,grid_2012,grid,2012
DCAdaptation,0.8073993593404297,grid_2012,grid,2012
kf_fact,1.8869803870760804,grid_2012,grid,2012
baseTemp,0.19449084279114803,grid_2012,grid,2012
t_factor,3.256735800865547,grid_2012,grid,2012
r_factor,3.11264119298807,grid_2012,grid,2012
g_factor,2.169953998652593,grid_2012,grid,2012
snowCritDens,0.4471151225121496,grid_2012,grid,2012
ccf_factor,0.04163917703449885,grid_2012,grid,2012
snow_trans,1.3384407008476693,grid_2012,grid,2012
snow_trs,1.691092810637297,grid_2012,grid,2012
a_rain,9.989026732430156,grid_2012,grid,2012
a_snow,0.304857954201156,grid_2012,grid,2012
soilMaxDPS,6.984553649186625,grid_2012,grid,2012
soilPolRed,46.20058323850596,grid_2012,grid,2012
soilMaxInfSummer,104.60522117592608,grid_2012,grid,2012
soilMaxInfWinter,28.160489807641465,grid_2012,grid,2012
soilMaxInfSnow,37.58387230020944,grid_2012,grid,2012
soilDistMPSLPS,2.02482070095484,grid_2012,grid,2012
soilDiffMPSLPS,0.21086464426031548,grid_2012,grid,2012
soilOutLPS,0.6169895271450323,grid_2012,grid,2012
soilLatVertLPS,0.01618618644230469,grid_2012,grid,2012
geoMaxPerc,8.088233217162916,grid_2012,grid,2012
kdiff_layer,16.40524811571235,grid_2012,grid,2012
BetaW,5.351397566713442,grid_2012,grid,2012
lagSurfaceRunoff,1.499788636854278,grid_2012,grid,2012
lagInterflow,1.7141443585557157,grid_2012,grid,2012
gwRG1RG2dist,0.17151625963359654,grid_2012,grid,2012
gwRG1Fact,1.011261659063482,grid_2012,grid,2012
gwRG2Fact,8.70269781922456,grid_2012,grid,2012
gwCapRise,0.555697512726234,grid_2012,grid,2012
flowRouteTA,1.0062229256598665,grid_2012,grid,2012
FCAdaptation,1.298498554393162,grid_2013,grid,2013
ACAdaptation,0.9141023817622016,grid_2013,grid,2013
DCAdaptation,0.8189942235124894,grid_2013,grid,2013
kf_fact,0.6109692326965143,grid_2013,grid,2013
baseTemp,0.1606142490231488,grid_2013,grid,2013
t_factor,0.15699362837454733,grid_2013,grid,2013
r_factor,3.459533245234164,grid_2013,grid,2013
g_factor,1.832859449092616,grid_2013,grid,2013
snowCritDens,0.4534218166718225,grid_2013,grid,2013
ccf_factor,0.004556973097038944,grid_2013,grid,2013
snow_trans,1.4449246550364745,grid_2013,grid,2013
snow_trs,3.3739203117297185,grid_2013,grid,2013
a_rain,9.95000113596043,grid_2013,grid,2013
a_snow,1.4253842621452382,grid_2013,grid,2013
soilMaxDPS,6.225878958184077,grid_2013,grid,2013
soilPolRed,43.28967121147953,grid_2013,grid,2013
soilMaxInfSummer,51.27598166610469,grid_2013,grid,2013
soilMaxInfWinter,2.0847318364470624,grid_2013,grid,2013
soilMaxInfSnow,3.826633645856703,grid_2013,grid,2013
soilDistMPSLPS,6.709279178259679,grid_2013,grid,2013
soilDiffMPSLPS,1.2766464778437212,grid_2013,grid,2013
soilOutLPS,2.1337000551193794,grid_2013,grid,2013
soilLatVertLPS,7.221225056750435,grid_2013,grid,2013
geoMaxPerc,2.6316008162529223,grid_2013,grid,2013
kdiff_layer,5.838842435047823,grid_2013,grid,2013
BetaW,0.3694379109371563,grid_2013,grid,2013
lagSurfaceRunoff,1.4582675950339876,grid_2013,grid,2013
lagInterflow,1.9282401884070135,grid_2013,grid,2013
gwRG1RG2dist,0.410210154542926,grid_2013,grid,2013
gwRG1Fact,11.961230661778254,grid_2013,grid,2013
gwRG2Fact,30.672771328252537,grid_2013,grid,2013
gwCapRise,0.33951539825372457,grid_2013,grid,2013
flowRouteTA,1.068967768673316,grid_2013,grid,2013
FCAdaptation,0.8065663985516484,grid_2014,grid,2014
ACAdaptation,1.190270755229363,grid_2014,grid,2014
DCAdaptation,0.8656174464315648,grid_2014,grid,2014
kf_fact,1.535682738496459,grid_2014,grid,2014
baseTemp,-1.2778223918285463,grid_2014,grid,2014
t_factor,4.548312073918673,grid_2014,grid,2014
r_factor,1.5072832673633103,grid_2014,grid,2014
g_factor,0.28462291493787384,grid_2014,grid,2014
snowCritDens,0.28917025430838694,grid_2014,grid,2014
ccf_factor,0.09993874714646298,grid_2014,grid,2014
snow_trans,0.06617960138509385,grid_2014,grid,2014
snow_trs,4.993206119420735,grid_2014,grid,2014
a_rain,9.99762793396692,grid_2014,grid,2014
a_snow,1.7349297141236746,grid_2014,grid,2014
soilMaxDPS,6.9920399429566045,grid_2014,grid,2014
soilPolRed,49.12916666242416,grid_2014,grid,2014
soilMaxInfSummer,142.10884489894264,grid_2014,grid,2014
soilMaxInfWinter,37.68697711538877,grid_2014,grid,2014
soilMaxInfSnow,25.921488223670877,grid_2014,grid,2014
soilDistMPSLPS,2.9975006411686618,grid_2014,grid,2014
soilDiffMPSLPS,7.901257714612802,grid_2014,grid,2014
soilOutLPS,0.05619435825469932,grid_2014,grid,2014
soilLatVertLPS,0.007578576135532075,grid_2014,grid,2014
geoMaxPerc,2.403746679755956,grid_2014,grid,2014
kdiff_layer,36.50182337633965,grid_2014,grid,2014
BetaW,1.4689037749632523,grid_2014,grid,2014
lagSurfaceRunoff,1.499016187438645,grid_2014,grid,2014
lagInterflow,1.3360728686708774,grid_2014,grid,2014
gwRG1RG2dist,0.2408415627958365,grid_2014,grid,2014
gwRG1Fact,1.028518497300053,grid_2014,grid,2014
gwRG2Fact,48.76720028449465,grid_2014,grid,2014
gwCapRise,0.3391597862893757,grid_2014,grid,2014
flowRouteTA,1.0000921023496514,grid_2014,grid,2014
FCAdaptation,0.8038086366253104,grid_2015,grid,2015
ACAdaptation,1.1997318422193028,grid_2015,grid,2015
DCAdaptation,0.8267579157993232,grid_2015,grid,2015
kf_fact,1.3246348666635048,grid_2015,grid,2015
baseTemp,4.7390049701773815,grid_2015,grid,2015
t_factor,2.6975973386485075,grid_2015,grid,2015
r_factor,4.195314309504378,grid_2015,grid,2015
g_factor,1.9744318431445684,grid_2015,grid,2015
snowCritDens,0.33410276423637664,grid_2015,grid,2015
ccf_factor,0.004435830469329164,grid_2015,grid,2015
snow_trans,1.9448906991028432,grid_2015,grid,2015
snow_trs,4.271895585034389,grid_2015,grid,2015
a_rain,9.98942794394692,grid_2015,grid,2015
a_snow,0.131823740893141,grid_2015,grid,2015
soilMaxDPS,6.964787279205082,grid_2015,grid,2015
soilPolRed,44.628634754173575,grid_2015,grid,2015
soilMaxInfSummer,138.15584629236923,grid_2015,grid,2015
soilMaxInfWinter,28.308401104023208,grid_2015,grid,2015
soilMaxInfSnow,44.213212969839695,grid_2015,grid,2015
soilDistMPSLPS,4.110800574900433,grid_2015,grid,2015
soilDiffMPSLPS,1.237450301789667,grid_2015,grid,2015
soilOutLPS,0.04732453459192154,grid_2015,grid,2015
soilLatVertLPS,0.007865051947330434,grid_2015,grid,2015
geoMaxPerc,1.8441009133911332,grid_2015,grid,2015
kdiff_layer,33.32789249159408,grid_2015,grid,2015
BetaW,3.64749296403617,grid_2015,grid,2015
lagSurfaceRunoff,1.499962411888314,grid_2015,grid,2015
lagInterflow,1.749914916603649,grid_2015,grid,2015
gwRG1RG2dist,0.43813139671570334,grid_2015,grid,2015
gwRG1Fact,2.2604512791737466,grid_2015,grid,2015
gwRG2Fact,34.48108570424965,grid_2015,grid,2015
gwCapRise,0.41530329134255073,grid_2015,grid,2015
flowRouteTA,1.0012237211162198,grid_2015,grid,2015
FCAdaptation,0.8089382436529182,grid_2016,grid,2016
ACAdaptation,1.1987826035078044,grid_2016,grid,2016
DCAdaptation,0.8233743447209368,grid_2016,grid,2016
kf_fact,1.755330115775674,grid_2016,grid,2016
baseTemp,1.780887278639074,grid_2016,grid,2016
t_factor,0.6902045676501163,grid_2016,grid,2016
r_factor,3.28846972976548,grid_2016,grid,2016
g_factor,3.8524640504163097,grid_2016,grid,2016
snowCritDens,0.5750105856696497,grid_2016,grid,2016
ccf_factor,0.004073016519904913,grid_2016,grid,2016
snow_trans,2.3436095772048877,grid_2016,grid,2016
snow_trs,-0.2070423661739161,grid_2016,grid,2016
a_rain,9.99979397699158,grid_2016,grid,2016
a_snow,0.2894483600394568,grid_2016,grid,2016
soilMaxDPS,6.914956378797537,grid_2016,grid,2016
soilPolRed,34.11225177252018,grid_2016,grid,2016
soilMaxInfSummer,119.26021190392004,grid_2016,grid,2016
soilMaxInfWinter,10.282137611881016,grid_2016,grid,2016
soilMaxInfSnow,58.15711266495701,grid_2016,grid,2016
soilDistMPSLPS,1.254768994951404,grid_2016,grid,2016
soilDiffMPSLPS,8.42056704570063,grid_2016,grid,2016
soilOutLPS,0.01516887159517344,grid_2016,grid,2016
soilLatVertLPS,0.012643926335875385,grid_2016,grid,2016
geoMaxPerc,2.90459782889669,grid_2016,grid,2016
kdiff_layer,44.71478747731613,grid_2016,grid,2016
BetaW,3.017456955213361,grid_2016,grid,2016
lagSurfaceRunoff,1.4996833621557832,grid_2016,grid,2016
lagInterflow,1.7784022599328326,grid_2016,grid,2016
gwRG1RG2dist,0.6105630839665315,grid_2016,grid,2016
gwRG1Fact,1.034824509672828,grid_2016,grid,2016
gwRG2Fact,42.26833423389596,grid_2016,grid,2016
gwCapRise,0.3926361228884556,grid_2016,grid,2016
flowRouteTA,1.007896477682079,grid_2016,grid,2016
FCAdaptation,0.8049813256033576,grid_2017,grid,2017
ACAdaptation,1.1968019583586045,grid_2017,grid,2017
DCAdaptation,0.8101889907135517,grid_2017,grid,2017
kf_fact,1.6684563349876924,grid_2017,grid,2017
baseTemp,2.8342770398007424,grid_2017,grid,2017
t_factor,2.7943399946357435,grid_2017,grid,2017
r_factor,1.9601194518067284,grid_2017,grid,2017
g_factor,2.8075535765520003,grid_2017,grid,2017
snowCritDens,0.5897154050974871,grid_2017,grid,2017
ccf_factor,0.011457669731855198,grid_2017,grid,2017
snow_trans,1.1504084862684945,grid_2017,grid,2017
snow_trs,1.8731936419834447,grid_2017,grid,2017
a_rain,9.910482444635974,grid_2017,grid,2017
a_snow,0.7053023210079337,grid_2017,grid,2017
soilMaxDPS,6.64862011130107,grid_2017,grid,2017
soilPolRed,46.33905393376957,grid_2017,grid,2017
soilMaxInfSummer,100.98973738669932,grid_2017,grid,2017
soilMaxInfWinter,26.596384605211863,grid_2017,grid,2017
soilMaxInfSnow,4.681896771995813,grid_2017,grid,2017
soilDistMPSLPS,0.011588407230590656,grid_2017,grid,2017
soilDiffMPSLPS,8.24133233739194,grid_2017,grid,2017
soilOutLPS,0.12701026756467648,grid_2017,grid,2017
soilLatVertLPS,0.0027681692358882404,grid_2017,grid,2017
geoMaxPerc,8.915764455859623,grid_2017,grid,2017
kdiff_layer,4.618700891528629,grid_2017,grid,2017
BetaW,7.193455920310344,grid_2017,grid,2017
lagSurfaceRunoff,1.498235769075329,grid_2017,grid,2017
lagInterflow,1.6361497827573137,grid_2017,grid,2017
gwRG1RG2dist,0.4867050624403927,grid_2017,grid,2017
gwRG1Fact,1.045125670753953,grid_2017,grid,2017
gwRG2Fact,58.69444841695035,grid_2017,grid,2017
gwCapRise,0.4776603728222039,grid_2017,grid,2017
flowRouteTA,1.0000691140747924,grid_2017,grid,2017
FCAdaptation,0.8116808787924059,grid_2018,grid,2018
ACAdaptation,1.1991066181344812,grid_2018,grid,2018
DCAdaptation,0.8453370302445814,grid_2018,grid,2018
kf_fact,0.9315768016817674,grid_2018,grid,2018
baseTemp,1.1115827827470883,grid_2018,grid,2018
t_factor,4.068193004525463,grid_2018,grid,2018
r_factor,3.628704424292838,grid_2018,grid,2018
g_factor,1.7059852764236738,grid_2018,grid,2018
snowCritDens,0.7519806777596129,grid_2018,grid,2018
ccf_factor,0.04306780956741735,grid_2018,grid,2018
snow_trans,0.18023415223388012,grid_2018,grid,2018
snow_trs,4.979607953120604,grid_2018,grid,2018
a_rain,9.957058968494948,grid_2018,grid,2018
a_snow,1.37119387329319,grid_2018,grid,2018
soilMaxDPS,6.214008903690336,grid_2018,grid,2018
soilPolRed,35.367580836308115,grid_2018,grid,2018
soilMaxInfSummer,39.2451742030381,grid_2018,grid,2018
soilMaxInfWinter,50.237425499735465,grid_2018,grid,2018
soilMaxInfSnow,34.13692684225937,grid_2018,grid,2018
soilDistMPSLPS,0.01186621485930539,grid_2018,grid,2018
soilDiffMPSLPS,2.525519401888956,grid_2018,grid,2018
soilOutLPS,0.030650815361461525,grid_2018,grid,2018
soilLatVertLPS,0.005973437344398383,grid_2018,grid,2018
geoMaxPerc,4.043360725577161,grid_2018,grid,2018
kdiff_layer,18.71548437129738,grid_2018,grid,2018
BetaW,3.189016240803343,grid_2018,grid,2018
lagSurfaceRunoff,1.4971632306573373,grid_2018,grid,2018
lagInterflow,1.3258063982591095,grid_2018,grid,2018
gwRG1RG2dist,0.4693821335494716,grid_2018,grid,2018
gwRG1Fact,1.1945166952230168,grid_2018,grid,2018
gwRG2Fact,43.83371834747748,grid_2018,grid,2018
gwCapRise,0.31746789239959955,grid_2018,grid,2018
flowRouteTA,1.0088479664031331,grid_2018,grid,2018
FCAdaptation,0.8193279555606272,grid_2019,grid,2019
ACAdaptation,1.1996441898366583,grid_2019,grid,2019
DCAdaptation,0.8275225190663604,grid_2019,grid,2019
kf_fact,1.0715084444857883,grid_2019,grid,2019
baseTemp,0.638727916718128,grid_2019,grid,2019
t_factor,3.1311346966017166,grid_2019,grid,2019
r_factor,2.40084381302925,grid_2019,grid,2019
g_factor,2.2574401927083443,grid_2019,grid,2019
snowCritDens,0.5306009984640443,grid_2019,grid,2019
ccf_factor,0.03816265534646113,grid_2019,grid,2019
snow_trans,1.5782739878059031,grid_2019,grid,2019
snow_trs,1.9348178332730048,grid_2019,grid,2019
a_rain,9.973446883574727,grid_2019,grid,2019
a_snow,1.2624303230188154,grid_2019,grid,2019
soilMaxDPS,6.675718509235525,grid_2019,grid,2019
soilPolRed,43.321610708817765,grid_2019,grid,2019
soilMaxInfSummer,63.23866815990087,grid_2019,grid,2019
soilMaxInfWinter,50.12451221169509,grid_2019,grid,2019
soilMaxInfSnow,56.96597678743968,grid_2019,grid,2019
soilDistMPSLPS,0.04851260561527271,grid_2019,grid,2019
soilDiffMPSLPS,1.0679897327602357,grid_2019,grid,2019
soilOutLPS,0.12303837262035391,grid_2019,grid,2019
soilLatVertLPS,0.009705232693080743,grid_2019,grid,2019
geoMaxPerc,5.887565212338639,grid_2019,grid,2019
kdiff_layer,35.83175966072787,grid_2019,grid,2019
BetaW,3.6264548018080034,grid_2019,grid,2019
lagSurfaceRunoff,1.4990602587743354,grid_2019,grid,2019
lagInterflow,1.5432532995879802,grid_2019,grid,2019
gwRG1RG2dist,0.6353657831035486,grid_2019,grid,2019
gwRG1Fact,1.0048149183159416,grid_2019,grid,2019
gwRG2Fact,69.91624034853959,grid_2019,grid,2019
gwCapRise,0.3313227186036828,grid_2019,grid,2019
flowRouteTA,1.006949920089263,grid_2019,grid,2019
FCAdaptation,0.802029497707773,grid_2020,grid,2020
ACAdaptation,1.1977922946480375,grid_2020,grid,2020
DCAdaptation,0.8509685003995353,grid_2020,grid,2020
kf_fact,0.8417831968271252,grid_2020,grid,2020
baseTemp,0.34670773435075275,grid_2020,grid,2020
t_factor,0.9036689937830786,grid_2020,grid,2020
r_factor,1.7947264943170822,grid_2020,grid,2020
g_factor,3.7136187442761335,grid_2020,grid,2020
snowCritDens,0.25643428706411164,grid_2020,grid,2020
ccf_factor,0.02161621020956464,grid_2020,grid,2020
snow_trans,0.8580680338542173,grid_2020,grid,2020
snow_trs,3.18992492544546,grid_2020,grid,2020
a_rain,9.9694959807706,grid_2020,grid,2020
a_snow,3.2925481459693606,grid_2020,grid,2020
soilMaxDPS,6.421812326176311,grid_2020,grid,2020
soilPolRed,40.282167300016525,grid_2020,grid,2020
soilMaxInfSummer,147.81115497981935,grid_2020,grid,2020
soilMaxInfWinter,6.877698456720751,grid_2020,grid,2020
soilMaxInfSnow,43.331715966045394,grid_2020,grid,2020
soilDistMPSLPS,3.7003385196032745e-4,grid_2020,grid,2020
soilDiffMPSLPS,9.24206555535042,grid_2020,grid,2020
soilOutLPS,0.05046654741722891,grid_2020,grid,2020
soilLatVertLPS,0.003908224161537785,grid_2020,grid,2020
geoMaxPerc,6.56367148031489,grid_2020,grid,2020
kdiff_layer,40.85325813910949,grid_2020,grid,2020
BetaW,3.778948841882813,grid_2020,grid,2020
lagSurfaceRunoff,1.499464622262849,grid_2020,grid,2020
lagInterflow,1.8407072225337204,grid_2020,grid,2020
gwRG1RG2dist,0.7344180539295847,grid_2020,grid,2020
gwRG1Fact,2.058597873882259,grid_2020,grid,2020
gwRG2Fact,25.750120823799016,grid_2020,grid,2020
gwCapRise,0.24931146707778903,grid_2020,grid,2020
flowRouteTA,1.0014477413371243,grid_2020,grid,2020
FCAdaptation,0.8052943425881889,grid_all,grid,none
ACAdaptation,1.1957416522372015,grid_all,grid,none
DCAdaptation,0.8269764617311681,grid_all,grid,none
kf_fact,1.377313984074834,grid_all,grid,none
baseTemp,0.9107918510208756,grid_all,grid,none
t_factor,0.714228859208323,grid_all,grid,none
r_factor,2.626035253591506,grid_all,grid,none
g_factor,4.062908760271014,grid_all,grid,none
snowCritDens,0.4808726690983388,grid_all,grid,none
ccf_factor,0.010215968552724676,grid_all,grid,none
snow_trans,0.4335644693262423,grid_all,grid,none
snow_trs,2.4064948063111147,grid_all,grid,none
a_rain,9.920665924517076,grid_all,grid,none
a_snow,0.8856122157647082,grid_all,grid,none
soilMaxDPS,6.809916537542849,grid_all,grid,none
soilPolRed,44.41881018417632,grid_all,grid,none
soilMaxInfSummer,56.07785556475668,grid_all,grid,none
soilMaxInfWinter,75.29306361118385,grid_all,grid,none
soilMaxInfSnow,19.424523612460828,grid_all,grid,none
soilDistMPSLPS,0.010776946443600818,grid_all,grid,none
soilDiffMPSLPS,5.409410917958978,grid_all,grid,none
soilOutLPS,0.01060479004448718,grid_all,grid,none
soilLatVertLPS,0.009302704323172494,grid_all,grid,none
geoMaxPerc,9.66728063236849,grid_all,grid,none
kdiff_layer,1.7260690822297462,grid_all,grid,none
BetaW,11.785681075418376,grid_all,grid,none
lagSurfaceRunoff,1.4968798773427745,grid_all,grid,none
lagInterflow,1.0029597380612902,grid_all,grid,none
gwRG1RG2dist,0.8091139485594916,grid_all,grid,none
gwRG1Fact,1.265082149618564,grid_all,grid,none
gwRG2Fact,38.23846656276213,grid_all,grid,none
gwCapRise,0.3751587570077066,grid_all,grid,none
flowRouteTA,1.0026996429294863,grid_all,grid,none
