@T, output
created_at,"Sun Apr 30 09:00:24 MDT 2023"
date_format,yyyy-MM-dd
@H,time,ID,simRunoff_qm_sec
Type,LocalDate,Integer,Double
Unit,-,-,-
,2011-01-01,-23,0.06634
,2011-01-02,-23,0.07127
,2011-01-03,-23,0.07392
,2011-01-04,-23,0.07447
,2011-01-05,-23,0.07325
,2011-01-06,-23,0.07073
,2011-01-07,-23,0.06732
,2011-01-08,-23,0.06341
,2011-01-09,-23,0.07762
,2011-01-10,-23,0.07883
,2011-01-11,-23,0.0727
,2011-01-12,-23,0.066
,2011-01-13,-23,0.06033
,2011-01-14,-23,0.05527
,2011-01-15,-23,0.05076
,2011-01-16,-23,0.04679
,2011-01-17,-23,0.04334
,2011-01-18,-23,0.04031
,2011-01-19,-23,0.03799
,2011-01-20,-23,0.03587
,2011-01-21,-23,0.03377
,2011-01-22,-23,0.03181
,2011-01-23,-23,0.02995
,2011-01-24,-23,0.02822
,2011-01-25,-23,0.02661
,2011-01-26,-23,0.02511
,2011-01-27,-23,0.02372
,2011-01-28,-23,0.02271
,2011-01-29,-23,0.02213
,2011-01-30,-23,0.02179
,2011-01-31,-23,0.02145
,2011-02-01,-23,0.02098
,2011-02-02,-23,0.02036
,2011-02-03,-23,0.0196
,2011-02-04,-23,0.01876
,2011-02-05,-23,0.01786
,2011-02-06,-23,0.01694
,2011-02-07,-23,0.01604
,2011-02-08,-23,0.01517
,2011-02-09,-23,0.01435
,2011-02-10,-23,0.01356
,2011-02-11,-23,0.01283
,2011-02-12,-23,0.01214
,2011-02-13,-23,0.0115
,2011-02-14,-23,0.01091
,2011-02-15,-23,0.05229
,2011-02-16,-23,0.11636
,2011-02-17,-23,0.1515
,2011-02-18,-23,0.16116
,2011-02-19,-23,0.15808
,2011-02-20,-23,0.15203
,2011-02-21,-23,0.14517
,2011-02-22,-23,0.13729
,2011-02-23,-23,0.12873
,2011-02-24,-23,0.11979
,2011-02-25,-23,0.11087
,2011-02-26,-23,0.1023
,2011-02-27,-23,0.09427
,2011-02-28,-23,0.08692
,2011-03-01,-23,0.0806
,2011-03-02,-23,0.07593
,2011-03-03,-23,0.07441
,2011-03-04,-23,0.07574
,2011-03-05,-23,0.078
,2011-03-06,-23,0.07933
,2011-03-07,-23,0.07886
,2011-03-08,-23,0.07664
,2011-03-09,-23,0.07317
,2011-03-10,-23,0.06902
,2011-03-11,-23,0.06465
,2011-03-12,-23,0.06046
,2011-03-13,-23,0.05664
,2011-03-14,-23,0.05325
,2011-03-15,-23,0.05041
,2011-03-16,-23,0.04838
,2011-03-17,-23,0.04731
,2011-03-18,-23,0.04707
,2011-03-19,-23,0.04726
,2011-03-20,-23,0.04744
,2011-03-21,-23,0.04755
,2011-03-22,-23,0.04834
,2011-03-23,-23,0.05087
,2011-03-24,-23,0.0555
,2011-03-25,-23,0.06136
,2011-03-26,-23,0.06693
,2011-03-27,-23,0.07087
,2011-03-28,-23,0.07256
,2011-03-29,-23,0.07213
,2011-03-30,-23,0.07006
,2011-03-31,-23,0.06693
,2011-04-01,-23,0.06337
,2011-04-02,-23,0.06025
,2011-04-03,-23,0.05829
,2011-04-04,-23,0.05769
,2011-04-05,-23,0.05805
,2011-04-06,-23,0.05871
,2011-04-07,-23,0.05904
,2011-04-08,-23,0.05866
,2011-04-09,-23,0.05749
,2011-04-10,-23,0.05562
,2011-04-11,-23,0.05324
,2011-04-12,-23,0.05057
,2011-04-13,-23,0.19713
,2011-04-14,-23,0.23398
,2011-04-15,-23,0.20976
,2011-04-16,-23,0.18308
,2011-04-17,-23,0.16695
,2011-04-18,-23,0.16779
,2011-04-19,-23,0.16756
,2011-04-20,-23,0.18735
,2011-04-21,-23,0.19854
,2011-04-22,-23,0.20082
,2011-04-23,-23,0.20892
,2011-04-24,-23,0.21486
,2011-04-25,-23,0.26469
,2011-04-26,-23,0.25821
,2011-04-27,-23,0.24252
,2011-04-28,-23,0.2326
,2011-04-29,-23,0.22847
,2011-04-30,-23,0.2244
,2011-05-01,-23,0.21932
,2011-05-02,-23,0.21236
,2011-05-03,-23,0.20332
,2011-05-04,-23,0.19334
,2011-05-05,-23,0.18275
,2011-05-06,-23,0.17175
,2011-05-07,-23,0.16068
,2011-05-08,-23,0.1504
,2011-05-09,-23,0.14333
,2011-05-10,-23,0.14758
,2011-05-11,-23,0.36569
,2011-05-12,-23,0.53101
,2011-05-13,-23,0.53322
,2011-05-14,-23,0.62698
,2011-05-15,-23,0.62871
,2011-05-16,-23,0.58271
,2011-05-17,-23,0.53772
,2011-05-18,-23,1.15377
,2011-05-19,-23,1.45073
,2011-05-20,-23,1.61201
,2011-05-21,-23,1.41222
,2011-05-22,-23,1.1965
,2011-05-23,-23,1.01658
,2011-05-24,-23,0.88597
,2011-05-25,-23,0.78551
,2011-05-26,-23,0.71189
,2011-05-27,-23,0.66603
,2011-05-28,-23,0.64849
,2011-05-29,-23,0.67226
,2011-05-30,-23,0.70479
,2011-05-31,-23,0.73993
,2011-06-01,-23,0.78306
,2011-06-02,-23,0.86074
,2011-06-03,-23,0.98654
,2011-06-04,-23,1.13539
,2011-06-05,-23,1.25681
,2011-06-06,-23,1.32616
,2011-06-07,-23,1.29621
,2011-06-08,-23,1.18228
,2011-06-09,-23,1.03035
,2011-06-10,-23,0.8801
,2011-06-11,-23,0.74986
,2011-06-12,-23,0.64469
,2011-06-13,-23,0.56256
,2011-06-14,-23,0.49918
,2011-06-15,-23,0.45001
,2011-06-16,-23,0.41143
,2011-06-17,-23,0.38123
,2011-06-18,-23,0.35808
,2011-06-19,-23,0.54158
,2011-06-20,-23,0.51184
,2011-06-21,-23,0.46406
,2011-06-22,-23,0.43075
,2011-06-23,-23,0.42147
,2011-06-24,-23,0.39638
,2011-06-25,-23,0.38256
,2011-06-26,-23,0.35845
,2011-06-27,-23,0.33277
,2011-06-28,-23,0.30908
,2011-06-29,-23,0.28742
,2011-06-30,-23,0.26765
,2011-07-01,-23,0.2496
,2011-07-02,-23,0.23319
,2011-07-03,-23,0.21829
,2011-07-04,-23,0.20475
,2011-07-05,-23,0.19243
,2011-07-06,-23,0.18115
,2011-07-07,-23,0.20802
,2011-07-08,-23,0.19558
,2011-07-09,-23,0.17882
,2011-07-10,-23,0.16424
,2011-07-11,-23,0.15318
,2011-07-12,-23,0.14631
,2011-07-13,-23,0.1409
,2011-07-14,-23,0.14192
,2011-07-15,-23,0.13969
,2011-07-16,-23,0.13532
,2011-07-17,-23,0.12855
,2011-07-18,-23,0.12178
,2011-07-19,-23,0.11543
,2011-07-20,-23,0.10929
,2011-07-21,-23,0.10355
,2011-07-22,-23,0.0982
,2011-07-23,-23,0.09309
,2011-07-24,-23,0.08821
,2011-07-25,-23,0.08352
,2011-07-26,-23,0.07906
,2011-07-27,-23,0.07482
,2011-07-28,-23,0.07081
,2011-07-29,-23,0.06705
,2011-07-30,-23,0.06353
,2011-07-31,-23,0.06024
,2011-08-01,-23,0.05715
,2011-08-02,-23,0.05427
,2011-08-03,-23,0.05156
,2011-08-04,-23,0.04901
,2011-08-05,-23,0.0466
,2011-08-06,-23,0.04433
,2011-08-07,-23,0.04218
,2011-08-08,-23,0.04015
,2011-08-09,-23,0.03823
,2011-08-10,-23,0.0364
,2011-08-11,-23,0.03467
,2011-08-12,-23,0.03303
,2011-08-13,-23,0.03147
,2011-08-14,-23,0.02999
,2011-08-15,-23,0.02858
,2011-08-16,-23,0.02724
,2011-08-17,-23,0.02597
,2011-08-18,-23,0.02477
,2011-08-19,-23,0.02362
,2011-08-20,-23,0.02254
,2011-08-21,-23,0.0215
,2011-08-22,-23,0.02052
,2011-08-23,-23,0.01959
,2011-08-24,-23,0.01871
,2011-08-25,-23,0.01786
,2011-08-26,-23,0.01706
,2011-08-27,-23,0.01629
,2011-08-28,-23,0.01557
,2011-08-29,-23,0.01488
,2011-08-30,-23,0.01423
,2011-08-31,-23,0.0136
,2011-09-01,-23,0.01301
,2011-09-02,-23,0.01245
,2011-09-03,-23,0.01191
,2011-09-04,-23,0.0114
,2011-09-05,-23,0.01092
,2011-09-06,-23,0.01046
,2011-09-07,-23,0.01202
,2011-09-08,-23,0.01242
,2011-09-09,-23,0.0121
,2011-09-10,-23,0.01151
,2011-09-11,-23,0.01085
,2011-09-12,-23,0.0102
,2011-09-13,-23,0.00958
,2011-09-14,-23,0.01962
,2011-09-15,-23,0.0206
,2011-09-16,-23,0.01967
,2011-09-17,-23,0.01821
,2011-09-18,-23,0.01667
,2011-09-19,-23,0.01521
,2011-09-20,-23,0.01383
,2011-09-21,-23,0.01264
,2011-09-22,-23,0.01161
,2011-09-23,-23,0.0107
,2011-09-24,-23,0.00992
,2011-09-25,-23,0.00923
,2011-09-26,-23,0.00861
,2011-09-27,-23,0.00807
,2011-09-28,-23,0.00758
,2011-09-29,-23,0.00714
,2011-09-30,-23,0.00675
,2011-10-01,-23,0.00639
,2011-10-02,-23,0.00606
,2011-10-03,-23,0.00576
,2011-10-04,-23,0.00548
,2011-10-05,-23,0.00522
,2011-10-06,-23,0.00498
,2011-10-07,-23,0.00476
,2011-10-08,-23,0.00456
,2011-10-09,-23,0.00436
,2011-10-10,-23,0.00418
,2011-10-11,-23,0.00401
,2011-10-12,-23,0.00385
,2011-10-13,-23,0.0037
,2011-10-14,-23,0.00356
,2011-10-15,-23,0.00342
,2011-10-16,-23,0.0033
,2011-10-17,-23,0.00318
,2011-10-18,-23,0.00306
,2011-10-19,-23,0.00296
,2011-10-20,-23,0.00286
,2011-10-21,-23,0.00276
,2011-10-22,-23,0.00268
,2011-10-23,-23,0.0026
,2011-10-24,-23,0.00252
,2011-10-25,-23,0.01273
,2011-10-26,-23,0.02262
,2011-10-27,-23,0.02522
,2011-10-28,-23,0.02447
,2011-10-29,-23,0.0407
,2011-10-30,-23,0.05292
,2011-10-31,-23,0.06746
,2011-11-01,-23,0.13589
,2011-11-02,-23,0.15259
,2011-11-03,-23,0.15071
,2011-11-04,-23,0.21197
,2011-11-05,-23,0.26638
,2011-11-06,-23,0.29323
,2011-11-07,-23,0.29331
,2011-11-08,-23,0.27626
,2011-11-09,-23,0.25245
,2011-11-10,-23,0.22838
,2011-11-11,-23,0.20645
,2011-11-12,-23,0.18734
,2011-11-13,-23,0.17098
,2011-11-14,-23,0.15702
,2011-11-15,-23,0.14506
,2011-11-16,-23,0.13472
,2011-11-17,-23,0.12569
,2011-11-18,-23,0.1177
,2011-11-19,-23,0.11056
,2011-11-20,-23,0.10411
,2011-11-21,-23,0.09825
,2011-11-22,-23,0.09284
,2011-11-23,-23,0.08785
,2011-11-24,-23,0.08321
,2011-11-25,-23,0.07887
,2011-11-26,-23,0.07481
,2011-11-27,-23,0.07098
,2011-11-28,-23,0.06738
,2011-11-29,-23,0.06399
,2011-11-30,-23,0.06078
,2011-12-01,-23,0.05776
,2011-12-02,-23,0.05489
,2011-12-03,-23,0.05218
,2011-12-04,-23,0.04961
,2011-12-05,-23,0.04718
,2011-12-06,-23,0.04487
,2011-12-07,-23,0.04269
,2011-12-08,-23,0.04061
,2011-12-09,-23,0.03865
,2011-12-10,-23,0.03679
,2011-12-11,-23,0.03503
,2011-12-12,-23,0.03336
,2011-12-13,-23,0.03177
,2011-12-14,-23,0.03037
,2011-12-15,-23,0.03846
,2011-12-16,-23,0.03606
,2011-12-17,-23,0.03274
,2011-12-18,-23,0.03642
,2011-12-19,-23,0.04564
,2011-12-20,-23,0.0524
,2011-12-21,-23,0.05448
,2011-12-22,-23,0.07465
,2011-12-23,-23,0.07258
,2011-12-24,-23,0.06366
,2011-12-25,-23,0.0652
,2011-12-26,-23,0.12624
,2011-12-27,-23,0.14766
,2011-12-28,-23,0.17384
,2011-12-29,-23,0.19403
,2011-12-30,-23,0.20289
,2011-12-31,-23,0.22776
,2012-01-01,-23,0.25339
,2012-01-02,-23,0.25954
,2012-01-03,-23,0.24713
,2012-01-04,-23,0.22667
,2012-01-05,-23,0.20718
,2012-01-06,-23,0.1921
,2012-01-07,-23,0.18083
,2012-01-08,-23,0.17159
,2012-01-09,-23,0.16299
,2012-01-10,-23,0.15583
,2012-01-11,-23,0.14899
,2012-01-12,-23,0.14208
,2012-01-13,-23,0.13497
,2012-01-14,-23,0.12771
,2012-01-15,-23,0.12048
,2012-01-16,-23,0.11342
,2012-01-17,-23,0.10669
,2012-01-18,-23,0.10035
,2012-01-19,-23,0.09441
,2012-01-20,-23,0.0889
,2012-01-21,-23,0.08378
,2012-01-22,-23,0.07907
,2012-01-23,-23,0.0747
,2012-01-24,-23,0.07065
,2012-01-25,-23,0.06686
,2012-01-26,-23,0.0633
,2012-01-27,-23,0.05996
,2012-01-28,-23,0.05684
,2012-01-29,-23,0.05392
,2012-01-30,-23,0.05117
,2012-01-31,-23,0.04859
,2012-02-01,-23,0.04613
,2012-02-02,-23,0.06839
,2012-02-03,-23,0.15287
,2012-02-04,-23,0.15444
,2012-02-05,-23,0.13411
,2012-02-06,-23,0.1137
,2012-02-07,-23,0.09769
,2012-02-08,-23,0.08569
,2012-02-09,-23,0.07659
,2012-02-10,-23,0.06949
,2012-02-11,-23,0.06373
,2012-02-12,-23,0.05892
,2012-02-13,-23,0.05477
,2012-02-14,-23,0.05228
,2012-02-15,-23,0.06458
,2012-02-16,-23,0.06338
,2012-02-17,-23,0.0593
,2012-02-18,-23,0.05636
,2012-02-19,-23,0.05525
,2012-02-20,-23,0.05851
,2012-02-21,-23,0.05804
,2012-02-22,-23,0.05683
,2012-02-23,-23,0.05478
,2012-02-24,-23,0.05223
,2012-02-25,-23,0.04928
,2012-02-26,-23,0.05236
,2012-02-27,-23,0.05187
,2012-02-28,-23,0.0488
,2012-02-29,-23,0.04565
,2012-03-01,-23,0.04241
,2012-03-02,-23,0.03927
,2012-03-03,-23,0.03645
,2012-03-04,-23,0.03394
,2012-03-05,-23,0.03171
,2012-03-06,-23,0.03852
,2012-03-07,-23,0.05948
,2012-03-08,-23,0.08128
,2012-03-09,-23,0.09204
,2012-03-10,-23,0.09713
,2012-03-11,-23,0.09818
,2012-03-12,-23,0.10969
,2012-03-13,-23,0.13877
,2012-03-14,-23,0.17276
,2012-03-15,-23,0.19657
,2012-03-16,-23,0.20905
,2012-03-17,-23,0.21901
,2012-03-18,-23,0.22873
,2012-03-19,-23,0.23418
,2012-03-20,-23,0.23214
,2012-03-21,-23,0.22301
,2012-03-22,-23,0.20941
,2012-03-23,-23,0.19401
,2012-03-24,-23,0.17864
,2012-03-25,-23,0.16428
,2012-03-26,-23,0.15129
,2012-03-27,-23,0.13972
,2012-03-28,-23,0.12948
,2012-03-29,-23,0.12038
,2012-03-30,-23,0.11227
,2012-03-31,-23,0.10567
,2012-04-01,-23,0.10269
,2012-04-02,-23,0.10861
,2012-04-03,-23,0.12898
,2012-04-04,-23,0.16195
,2012-04-05,-23,0.20534
,2012-04-06,-23,0.24593
,2012-04-07,-23,0.26994
,2012-04-08,-23,0.27454
,2012-04-09,-23,0.26518
,2012-04-10,-23,0.2488
,2012-04-11,-23,0.23067
,2012-04-12,-23,0.21382
,2012-04-13,-23,0.19954
,2012-04-14,-23,0.18788
,2012-04-15,-23,0.17818
,2012-04-16,-23,0.16942
,2012-04-17,-23,0.1607
,2012-04-18,-23,0.15182
,2012-04-19,-23,0.14304
,2012-04-20,-23,0.13484
,2012-04-21,-23,0.12759
,2012-04-22,-23,0.12146
,2012-04-23,-23,0.11738
,2012-04-24,-23,0.11832
,2012-04-25,-23,0.13701
,2012-04-26,-23,0.21361
,2012-04-27,-23,0.35766
,2012-04-28,-23,0.49345
,2012-04-29,-23,0.5526
,2012-04-30,-23,0.53745
,2012-05-01,-23,0.48275
,2012-05-02,-23,0.41751
,2012-05-03,-23,0.35696
,2012-05-04,-23,0.30651
,2012-05-05,-23,0.26688
,2012-05-06,-23,0.23712
,2012-05-07,-23,0.21565
,2012-05-08,-23,0.20063
,2012-05-09,-23,0.1902
,2012-05-10,-23,0.18275
,2012-05-11,-23,0.17713
,2012-05-12,-23,0.17236
,2012-05-13,-23,0.16762
,2012-05-14,-23,0.16243
,2012-05-15,-23,0.15677
,2012-05-16,-23,0.1508
,2012-05-17,-23,0.14457
,2012-05-18,-23,0.13811
,2012-05-19,-23,0.13146
,2012-05-20,-23,0.12475
,2012-05-21,-23,0.11812
,2012-05-22,-23,0.1117
,2012-05-23,-23,0.10559
,2012-05-24,-23,0.09985
,2012-05-25,-23,0.09447
,2012-05-26,-23,0.08948
,2012-05-27,-23,0.08484
,2012-05-28,-23,0.08052
,2012-05-29,-23,0.0765
,2012-05-30,-23,0.07274
,2012-05-31,-23,0.06921
,2012-06-01,-23,0.06589
,2012-06-02,-23,0.06276
,2012-06-03,-23,0.0598
,2012-06-04,-23,0.05701
,2012-06-05,-23,0.05435
,2012-06-06,-23,0.05184
,2012-06-07,-23,0.04945
,2012-06-08,-23,0.04718
,2012-06-09,-23,0.04502
,2012-06-10,-23,0.04297
,2012-06-11,-23,0.04101
,2012-06-12,-23,0.03916
,2012-06-13,-23,0.03739
,2012-06-14,-23,0.03572
,2012-06-15,-23,0.03412
,2012-06-16,-23,0.0326
,2012-06-17,-23,0.03115
,2012-06-18,-23,0.02977
,2012-06-19,-23,0.02845
,2012-06-20,-23,0.0272
,2012-06-21,-23,0.02601
,2012-06-22,-23,0.02488
,2012-06-23,-23,0.0238
,2012-06-24,-23,0.02277
,2012-06-25,-23,0.02178
,2012-06-26,-23,0.02085
,2012-06-27,-23,0.01996
,2012-06-28,-23,0.01912
,2012-06-29,-23,0.01832
,2012-06-30,-23,0.01755
,2012-07-01,-23,0.01681
,2012-07-02,-23,0.01611
,2012-07-03,-23,0.01544
,2012-07-04,-23,0.01481
,2012-07-05,-23,0.0142
,2012-07-06,-23,0.0739
,2012-07-07,-23,0.32835
,2012-07-08,-23,0.8009
,2012-07-09,-23,1.08883
,2012-07-10,-23,0.99008
,2012-07-11,-23,0.85213
,2012-07-12,-23,0.73024
,2012-07-13,-23,0.63486
,2012-07-14,-23,0.57572
,2012-07-15,-23,0.56173
,2012-07-16,-23,0.5108
,2012-07-17,-23,0.47124
,2012-07-18,-23,0.43609
,2012-07-19,-23,0.40488
,2012-07-20,-23,0.377
,2012-07-21,-23,0.35224
,2012-07-22,-23,0.33005
,2012-07-23,-23,0.31056
,2012-07-24,-23,0.29427
,2012-07-25,-23,0.28054
,2012-07-26,-23,0.26866
,2012-07-27,-23,0.25823
,2012-07-28,-23,0.24895
,2012-07-29,-23,0.2401
,2012-07-30,-23,0.23109
,2012-07-31,-23,0.22196
,2012-08-01,-23,0.21298
,2012-08-02,-23,0.20436
,2012-08-03,-23,0.19618
,2012-08-04,-23,0.18841
,2012-08-05,-23,0.18096
,2012-08-06,-23,0.17375
,2012-08-07,-23,0.16678
,2012-08-08,-23,0.16023
,2012-08-09,-23,0.15406
,2012-08-10,-23,0.14809
,2012-08-11,-23,0.14217
,2012-08-12,-23,0.13622
,2012-08-13,-23,0.13024
,2012-08-14,-23,0.12429
,2012-08-15,-23,0.11842
,2012-08-16,-23,0.1127
,2012-08-17,-23,0.10715
,2012-08-18,-23,0.10181
,2012-08-19,-23,0.09668
,2012-08-20,-23,0.09178
,2012-08-21,-23,0.08712
,2012-08-22,-23,0.08268
,2012-08-23,-23,0.07846
,2012-08-24,-23,0.07445
,2012-08-25,-23,0.07065
,2012-08-26,-23,0.06705
,2012-08-27,-23,0.06363
,2012-08-28,-23,0.0604
,2012-08-29,-23,0.05733
,2012-08-30,-23,0.05443
,2012-08-31,-23,0.05168
,2012-09-01,-23,0.04908
,2012-09-02,-23,0.04662
,2012-09-03,-23,0.04429
,2012-09-04,-23,0.04207
,2012-09-05,-23,0.03998
,2012-09-06,-23,0.03801
,2012-09-07,-23,0.03613
,2012-09-08,-23,0.03436
,2012-09-09,-23,0.03268
,2012-09-10,-23,0.03108
,2012-09-11,-23,0.02958
,2012-09-12,-23,0.02884
,2012-09-13,-23,0.02749
,2012-09-14,-23,0.026
,2012-09-15,-23,0.02462
,2012-09-16,-23,0.02337
,2012-09-17,-23,0.02222
,2012-09-18,-23,0.02114
,2012-09-19,-23,0.02012
,2012-09-20,-23,0.01917
,2012-09-21,-23,0.01827
,2012-09-22,-23,0.01742
,2012-09-23,-23,0.01661
,2012-09-24,-23,0.01585
,2012-09-25,-23,0.01513
,2012-09-26,-23,0.01444
,2012-09-27,-23,0.01385
,2012-09-28,-23,0.01324
,2012-09-29,-23,0.01266
,2012-09-30,-23,0.0121
,2012-10-01,-23,0.01157
,2012-10-02,-23,0.01106
,2012-10-03,-23,0.01058
,2012-10-04,-23,0.01012
,2012-10-05,-23,0.00969
,2012-10-06,-23,0.00928
,2012-10-07,-23,0.00888
,2012-10-08,-23,0.00852
,2012-10-09,-23,0.00817
,2012-10-10,-23,0.00785
,2012-10-11,-23,0.00756
,2012-10-12,-23,0.00728
,2012-10-13,-23,0.00704
,2012-10-14,-23,0.00681
,2012-10-15,-23,0.00661
,2012-10-16,-23,0.00642
,2012-10-17,-23,0.00625
,2012-10-18,-23,0.00609
,2012-10-19,-23,0.00594
,2012-10-20,-23,0.0058
,2012-10-21,-23,0.00567
,2012-10-22,-23,0.00554
,2012-10-23,-23,0.00542
,2012-10-24,-23,0.0053
,2012-10-25,-23,0.00518
,2012-10-26,-23,0.00514
,2012-10-27,-23,0.00521
,2012-10-28,-23,0.00691
,2012-10-29,-23,0.01104
,2012-10-30,-23,0.01852
,2012-10-31,-23,0.02834
,2012-11-01,-23,0.03828
,2012-11-02,-23,0.04651
,2012-11-03,-23,0.0522
,2012-11-04,-23,0.05538
,2012-11-05,-23,0.05645
,2012-11-06,-23,0.05594
,2012-11-07,-23,0.0543
,2012-11-08,-23,0.05196
,2012-11-09,-23,0.04921
,2012-11-10,-23,0.04629
,2012-11-11,-23,0.04335
,2012-11-12,-23,0.04048
,2012-11-13,-23,0.03777
,2012-11-14,-23,0.03537
,2012-11-15,-23,0.03314
,2012-11-16,-23,0.03105
,2012-11-17,-23,0.02909
,2012-11-18,-23,0.02727
,2012-11-19,-23,0.02559
,2012-11-20,-23,0.02404
,2012-11-21,-23,0.02261
,2012-11-22,-23,0.02131
,2012-11-23,-23,0.02011
,2012-11-24,-23,0.01901
,2012-11-25,-23,0.01801
,2012-11-26,-23,0.01709
,2012-11-27,-23,0.01624
,2012-11-28,-23,0.01546
,2012-11-29,-23,0.01475
,2012-11-30,-23,0.01409
,2012-12-01,-23,0.01349
,2012-12-02,-23,0.01292
,2012-12-03,-23,0.0124
,2012-12-04,-23,0.01191
,2012-12-05,-23,0.01145
,2012-12-06,-23,0.01101
,2012-12-07,-23,0.01059
,2012-12-08,-23,0.0102
,2012-12-09,-23,0.00982
,2012-12-10,-23,0.00945
,2012-12-11,-23,0.0091
,2012-12-12,-23,0.00876
,2012-12-13,-23,0.00843
,2012-12-14,-23,0.00812
,2012-12-15,-23,0.00782
,2012-12-16,-23,0.00754
,2012-12-17,-23,0.00726
,2012-12-18,-23,0.007
,2012-12-19,-23,0.00674
,2012-12-20,-23,0.0065
,2012-12-21,-23,0.00626
,2012-12-22,-23,0.00604
,2012-12-23,-23,0.00582
,2012-12-24,-23,0.00564
,2012-12-25,-23,0.00549
,2012-12-26,-23,0.00537
,2012-12-27,-23,0.00526
,2012-12-28,-23,0.00514
,2012-12-29,-23,0.00502
,2012-12-30,-23,0.00489
,2012-12-31,-23,0.00476
,2013-01-01,-23,0.00462
,2013-01-02,-23,0.00448
,2013-01-03,-23,0.00434
,2013-01-04,-23,0.0042
,2013-01-05,-23,0.00406
,2013-01-06,-23,0.00393
,2013-01-07,-23,0.0038
,2013-01-08,-23,0.00368
,2013-01-09,-23,0.00356
,2013-01-10,-23,0.00344
,2013-01-11,-23,0.00339
,2013-01-12,-23,0.00337
,2013-01-13,-23,0.00335
,2013-01-14,-23,0.00333
,2013-01-15,-23,0.00329
,2013-01-16,-23,0.00325
,2013-01-17,-23,0.00319
,2013-01-18,-23,0.00313
,2013-01-19,-23,0.00306
,2013-01-20,-23,0.00298
,2013-01-21,-23,0.0029
,2013-01-22,-23,0.00285
,2013-01-23,-23,0.00291
,2013-01-24,-23,0.00325
,2013-01-25,-23,0.00406
,2013-01-26,-23,0.00547
,2013-01-27,-23,0.00741
,2013-01-28,-23,0.00966
,2013-01-29,-23,0.01196
,2013-01-30,-23,0.01404
,2013-01-31,-23,0.01571
,2013-02-01,-23,0.01686
,2013-02-02,-23,0.01751
,2013-02-03,-23,0.01772
,2013-02-04,-23,0.01762
,2013-02-05,-23,0.0173
,2013-02-06,-23,0.01683
,2013-02-07,-23,0.01627
,2013-02-08,-23,0.01565
,2013-02-09,-23,0.015
,2013-02-10,-23,0.01433
,2013-02-11,-23,0.01367
,2013-02-12,-23,0.01302
,2013-02-13,-23,0.01239
,2013-02-14,-23,0.01178
,2013-02-15,-23,0.0112
,2013-02-16,-23,0.01064
,2013-02-17,-23,0.01011
,2013-02-18,-23,0.00961
,2013-02-19,-23,0.00913
,2013-02-20,-23,0.00868
,2013-02-21,-23,0.00826
,2013-02-22,-23,0.00787
,2013-02-23,-23,0.00749
,2013-02-24,-23,0.00714
,2013-02-25,-23,0.00681
,2013-02-26,-23,0.0065
,2013-02-27,-23,0.00621
,2013-02-28,-23,0.00593
,2013-03-01,-23,0.00567
,2013-03-02,-23,0.00543
,2013-03-03,-23,0.0052
,2013-03-04,-23,0.01713
,2013-03-05,-23,0.01654
,2013-03-06,-23,0.01488
,2013-03-07,-23,0.01833
,2013-03-08,-23,0.03649
,2013-03-09,-23,0.09714
,2013-03-10,-23,0.11521
,2013-03-11,-23,0.11316
,2013-03-12,-23,0.1883
,2013-03-13,-23,0.17576
,2013-03-14,-23,0.1896
,2013-03-15,-23,0.23777
,2013-03-16,-23,0.27792
,2013-03-17,-23,0.28932
,2013-03-18,-23,0.27827
,2013-03-19,-23,0.25633
,2013-03-20,-23,0.23167
,2013-03-21,-23,0.20851
,2013-03-22,-23,0.18831
,2013-03-23,-23,0.17089
,2013-03-24,-23,0.15793
,2013-03-25,-23,0.147
,2013-03-26,-23,0.13707
,2013-03-27,-23,0.12825
,2013-03-28,-23,0.1815
,2013-03-29,-23,0.21357
,2013-03-30,-23,0.23103
,2013-03-31,-23,0.23347
,2013-04-01,-23,0.229
,2013-04-02,-23,0.22349
,2013-04-03,-23,0.21812
,2013-04-04,-23,0.21202
,2013-04-05,-23,0.20679
,2013-04-06,-23,0.20802
,2013-04-07,-23,0.21896
,2013-04-08,-23,0.23445
,2013-04-09,-23,0.24623
,2013-04-10,-23,0.24894
,2013-04-11,-23,0.24294
,2013-04-12,-23,0.23127
,2013-04-13,-23,0.23683
,2013-04-14,-23,0.25611
,2013-04-15,-23,0.27591
,2013-04-16,-23,0.26179
,2013-04-17,-23,0.244
,2013-04-18,-23,0.22613
,2013-04-19,-23,0.20909
,2013-04-20,-23,0.19328
,2013-04-21,-23,0.42216
,2013-04-22,-23,1.03961
,2013-04-23,-23,1.08209
,2013-04-24,-23,0.86447
,2013-04-25,-23,0.72322
,2013-04-26,-23,0.7557
,2013-04-27,-23,0.87065
,2013-04-28,-23,0.95833
,2013-04-29,-23,0.99441
,2013-04-30,-23,0.96306
,2013-05-01,-23,1.0088
,2013-05-02,-23,0.90555
,2013-05-03,-23,0.79672
,2013-05-04,-23,0.86509
,2013-05-05,-23,0.88501
,2013-05-06,-23,0.85856
,2013-05-07,-23,0.8117
,2013-05-08,-23,0.98268
,2013-05-09,-23,0.98335
,2013-05-10,-23,0.8617
,2013-05-11,-23,0.73951
,2013-05-12,-23,0.65569
,2013-05-13,-23,0.59656
,2013-05-14,-23,0.55311
,2013-05-15,-23,0.53133
,2013-05-16,-23,0.52148
,2013-05-17,-23,0.53738
,2013-05-18,-23,0.62034
,2013-05-19,-23,0.77981
,2013-05-20,-23,0.94096
,2013-05-21,-23,1.03263
,2013-05-22,-23,1.03383
,2013-05-23,-23,0.96376
,2013-05-24,-23,0.85979
,2013-05-25,-23,0.75212
,2013-05-26,-23,0.66104
,2013-05-27,-23,0.59809
,2013-05-28,-23,0.57932
,2013-05-29,-23,0.61931
,2013-05-30,-23,0.68366
,2013-05-31,-23,0.72775
,2013-06-01,-23,0.73465
,2013-06-02,-23,0.71347
,2013-06-03,-23,0.6862
,2013-06-04,-23,0.67991
,2013-06-05,-23,0.68095
,2013-06-06,-23,0.66443
,2013-06-07,-23,0.62173
,2013-06-08,-23,0.56169
,2013-06-09,-23,0.49757
,2013-06-10,-23,0.43874
,2013-06-11,-23,0.38966
,2013-06-12,-23,0.35132
,2013-06-13,-23,0.3231
,2013-06-14,-23,0.30377
,2013-06-15,-23,0.29181
,2013-06-16,-23,0.28389
,2013-06-17,-23,0.27635
,2013-06-18,-23,0.26671
,2013-06-19,-23,0.25437
,2013-06-20,-23,0.24
,2013-06-21,-23,0.22475
,2013-06-22,-23,0.20963
,2013-06-23,-23,0.19531
,2013-06-24,-23,0.18214
,2013-06-25,-23,0.17022
,2013-06-26,-23,0.15951
,2013-06-27,-23,0.14988
,2013-06-28,-23,0.1412
,2013-06-29,-23,0.13331
,2013-06-30,-23,0.12609
,2013-07-01,-23,0.11944
,2013-07-02,-23,0.11327
,2013-07-03,-23,0.10751
,2013-07-04,-23,0.10212
,2013-07-05,-23,0.09704
,2013-07-06,-23,0.09225
,2013-07-07,-23,0.08773
,2013-07-08,-23,0.08344
,2013-07-09,-23,0.0794
,2013-07-10,-23,0.07555
,2013-07-11,-23,0.0719
,2013-07-12,-23,0.06844
,2013-07-13,-23,0.06515
,2013-07-14,-23,0.13612
,2013-07-15,-23,0.1488
,2013-07-16,-23,0.14104
,2013-07-17,-23,0.12828
,2013-07-18,-23,0.11616
,2013-07-19,-23,0.10606
,2013-07-20,-23,0.09794
,2013-07-21,-23,0.09283
,2013-07-22,-23,0.08938
,2013-07-23,-23,0.08452
,2013-07-24,-23,0.07926
,2013-07-25,-23,0.07437
,2013-07-26,-23,0.06992
,2013-07-27,-23,0.06587
,2013-07-28,-23,0.06214
,2013-07-29,-23,0.05867
,2013-07-30,-23,0.05543
,2013-07-31,-23,0.0524
,2013-08-01,-23,0.04959
,2013-08-02,-23,0.04697
,2013-08-03,-23,0.04452
,2013-08-04,-23,0.04222
,2013-08-05,-23,0.04008
,2013-08-06,-23,0.03806
,2013-08-07,-23,0.03617
,2013-08-08,-23,0.03438
,2013-08-09,-23,0.03269
,2013-08-10,-23,0.0311
,2013-08-11,-23,0.02959
,2013-08-12,-23,0.02816
,2013-08-13,-23,0.02694
,2013-08-14,-23,0.0258
,2013-08-15,-23,0.02468
,2013-08-16,-23,0.02357
,2013-08-17,-23,0.02249
,2013-08-18,-23,0.02145
,2013-08-19,-23,0.02044
,2013-08-20,-23,0.01947
,2013-08-21,-23,0.01856
,2013-08-22,-23,0.01768
,2013-08-23,-23,0.01685
,2013-08-24,-23,0.01607
,2013-08-25,-23,0.01533
,2013-08-26,-23,0.01491
,2013-08-27,-23,0.01456
,2013-08-28,-23,0.01418
,2013-08-29,-23,0.01373
,2013-08-30,-23,0.01323
,2013-08-31,-23,0.01272
,2013-09-01,-23,0.01221
,2013-09-02,-23,0.0117
,2013-09-03,-23,0.01119
,2013-09-04,-23,0.0107
,2013-09-05,-23,0.01022
,2013-09-06,-23,0.00977
,2013-09-07,-23,0.00934
,2013-09-08,-23,0.00892
,2013-09-09,-23,0.02391
,2013-09-10,-23,0.23707
,2013-09-11,-23,11.27
,2013-09-12,-23,21.38184
,2013-09-13,-23,13.18526
,2013-09-14,-23,7.66439
,2013-09-15,-23,7.03896
,2013-09-16,-23,4.87711
,2013-09-17,-23,3.4132
,2013-09-18,-23,2.49518
,2013-09-19,-23,1.91708
,2013-09-20,-23,1.56604
,2013-09-21,-23,1.34091
,2013-09-22,-23,1.18848
,2013-09-23,-23,1.07857
,2013-09-24,-23,0.99304
,2013-09-25,-23,0.92268
,2013-09-26,-23,0.86467
,2013-09-27,-23,0.82031
,2013-09-28,-23,0.7804
,2013-09-29,-23,0.74431
,2013-09-30,-23,0.71105
,2013-10-01,-23,0.68004
,2013-10-02,-23,0.65424
,2013-10-03,-23,0.64123
,2013-10-04,-23,0.61678
,2013-10-05,-23,0.58176
,2013-10-06,-23,0.58193
,2013-10-07,-23,0.63139
,2013-10-08,-23,0.68101
,2013-10-09,-23,0.6947
,2013-10-10,-23,0.67349
,2013-10-11,-23,0.63431
,2013-10-12,-23,0.5915
,2013-10-13,-23,0.55438
,2013-10-14,-23,0.52652
,2013-10-15,-23,0.50765
,2013-10-16,-23,0.49586
,2013-10-17,-23,0.53873
,2013-10-18,-23,0.57394
,2013-10-19,-23,0.58349
,2013-10-20,-23,0.58305
,2013-10-21,-23,0.57192
,2013-10-22,-23,0.55596
,2013-10-23,-23,0.5384
,2013-10-24,-23,0.52202
,2013-10-25,-23,0.50943
,2013-10-26,-23,0.49997
,2013-10-27,-23,0.49113
,2013-10-28,-23,0.4815
,2013-10-29,-23,0.47095
,2013-10-30,-23,0.4602
,2013-10-31,-23,0.45023
,2013-11-01,-23,0.44118
,2013-11-02,-23,0.43265
,2013-11-03,-23,0.42468
,2013-11-04,-23,0.41681
,2013-11-05,-23,0.40777
,2013-11-06,-23,0.39725
,2013-11-07,-23,0.38491
,2013-11-08,-23,0.37138
,2013-11-09,-23,0.3573
,2013-11-10,-23,0.3436
,2013-11-11,-23,0.33142
,2013-11-12,-23,0.32172
,2013-11-13,-23,0.31475
,2013-11-14,-23,0.31013
,2013-11-15,-23,0.30775
,2013-11-16,-23,0.30878
,2013-11-17,-23,0.31322
,2013-11-18,-23,0.32
,2013-11-19,-23,0.32795
,2013-11-20,-23,0.33909
,2013-11-21,-23,0.35184
,2013-11-22,-23,0.36366
,2013-11-23,-23,0.36712
,2013-11-24,-23,0.36591
,2013-11-25,-23,0.36332
,2013-11-26,-23,0.36015
,2013-11-27,-23,0.35676
,2013-11-28,-23,0.36477
,2013-11-29,-23,0.36726
,2013-11-30,-23,0.36313
,2013-12-01,-23,0.35376
,2013-12-02,-23,0.34218
,2013-12-03,-23,0.33111
,2013-12-04,-23,0.31683
,2013-12-05,-23,0.30141
,2013-12-06,-23,0.28609
,2013-12-07,-23,0.27151
,2013-12-08,-23,0.25775
,2013-12-09,-23,0.24462
,2013-12-10,-23,0.23224
,2013-12-11,-23,0.22069
,2013-12-12,-23,0.20996
,2013-12-13,-23,0.19997
,2013-12-14,-23,0.19064
,2013-12-15,-23,0.18189
,2013-12-16,-23,0.17366
,2013-12-17,-23,0.16589
,2013-12-18,-23,0.16336
,2013-12-19,-23,0.16323
,2013-12-20,-23,0.16146
,2013-12-21,-23,0.15688
,2013-12-22,-23,0.15013
,2013-12-23,-23,0.14236
,2013-12-24,-23,0.13449
,2013-12-25,-23,0.12707
,2013-12-26,-23,0.12031
,2013-12-27,-23,0.11423
,2013-12-28,-23,0.10877
,2013-12-29,-23,0.10377
,2013-12-30,-23,0.09915
,2013-12-31,-23,0.09479
,2014-01-01,-23,0.09063
,2014-01-02,-23,0.08662
,2014-01-03,-23,0.08275
,2014-01-04,-23,0.07901
,2014-01-05,-23,0.0754
,2014-01-06,-23,0.07194
,2014-01-07,-23,0.06862
,2014-01-08,-23,0.06543
,2014-01-09,-23,0.06239
,2014-01-10,-23,0.05948
,2014-01-11,-23,0.05671
,2014-01-12,-23,0.05777
,2014-01-13,-23,0.05701
,2014-01-14,-23,0.05485
,2014-01-15,-23,0.05216
,2014-01-16,-23,0.04944
,2014-01-17,-23,0.04697
,2014-01-18,-23,0.04555
,2014-01-19,-23,0.04572
,2014-01-20,-23,0.04663
,2014-01-21,-23,0.0474
,2014-01-22,-23,0.04818
,2014-01-23,-23,0.04867
,2014-01-24,-23,0.04851
,2014-01-25,-23,0.04757
,2014-01-26,-23,0.04605
,2014-01-27,-23,0.04424
,2014-01-28,-23,0.04223
,2014-01-29,-23,0.04011
,2014-01-30,-23,0.06897
,2014-01-31,-23,0.07178
,2014-02-01,-23,0.06538
,2014-02-02,-23,0.0577
,2014-02-03,-23,0.05108
,2014-02-04,-23,0.04578
,2014-02-05,-23,0.04154
,2014-02-06,-23,0.03812
,2014-02-07,-23,0.03528
,2014-02-08,-23,0.03287
,2014-02-09,-23,0.03077
,2014-02-10,-23,0.02891
,2014-02-11,-23,0.02723
,2014-02-12,-23,0.02572
,2014-02-13,-23,0.02432
,2014-02-14,-23,0.02304
,2014-02-15,-23,0.02186
,2014-02-16,-23,0.08734
,2014-02-17,-23,0.16178
,2014-02-18,-23,0.19743
,2014-02-19,-23,0.1995
,2014-02-20,-23,0.1984
,2014-02-21,-23,0.19212
,2014-02-22,-23,0.18133
,2014-02-23,-23,0.16808
,2014-02-24,-23,0.15515
,2014-02-25,-23,0.14464
,2014-02-26,-23,0.13607
,2014-02-27,-23,0.12922
,2014-02-28,-23,0.1281
,2014-03-01,-23,0.13486
,2014-03-02,-23,0.14482
,2014-03-03,-23,0.15175
,2014-03-04,-23,0.15652
,2014-03-05,-23,0.15785
,2014-03-06,-23,0.15675
,2014-03-07,-23,0.2321
,2014-03-08,-23,0.231
,2014-03-09,-23,0.21172
,2014-03-10,-23,0.19486
,2014-03-11,-23,0.18763
,2014-03-12,-23,0.19035
,2014-03-13,-23,0.19506
,2014-03-14,-23,0.21075
,2014-03-15,-23,0.22332
,2014-03-16,-23,0.2255
,2014-03-17,-23,0.21929
,2014-03-18,-23,0.2116
,2014-03-19,-23,0.2015
,2014-03-20,-23,0.19089
,2014-03-21,-23,0.18165
,2014-03-22,-23,0.17412
,2014-03-23,-23,0.16793
,2014-03-24,-23,0.16239
,2014-03-25,-23,0.1567
,2014-03-26,-23,0.15143
,2014-03-27,-23,0.1472
,2014-03-28,-23,0.14408
,2014-03-29,-23,0.14147
,2014-03-30,-23,0.13941
,2014-03-31,-23,0.14066
,2014-04-01,-23,0.14657
,2014-04-02,-23,0.1648
,2014-04-03,-23,0.17398
,2014-04-04,-23,0.17638
,2014-04-05,-23,0.18383
,2014-04-06,-23,0.21822
,2014-04-07,-23,0.2401
,2014-04-08,-23,0.23945
,2014-04-09,-23,0.22685
,2014-04-10,-23,0.21594
,2014-04-11,-23,0.22569
,2014-04-12,-23,0.27193
,2014-04-13,-23,0.33959
,2014-04-14,-23,0.38519
,2014-04-15,-23,0.39417
,2014-04-16,-23,0.42794
,2014-04-17,-23,0.42795
,2014-04-18,-23,0.40239
,2014-04-19,-23,0.36714
,2014-04-20,-23,0.33095
,2014-04-21,-23,0.29774
,2014-04-22,-23,0.26868
,2014-04-23,-23,0.24382
,2014-04-24,-23,0.22267
,2014-04-25,-23,0.20471
,2014-04-26,-23,0.18953
,2014-04-27,-23,0.17684
,2014-04-28,-23,0.16624
,2014-04-29,-23,0.15717
,2014-04-30,-23,0.14908
,2014-05-01,-23,0.14158
,2014-05-02,-23,0.13442
,2014-05-03,-23,0.12752
,2014-05-04,-23,0.12175
,2014-05-05,-23,0.12025
,2014-05-06,-23,0.13326
,2014-05-07,-23,0.18077
,2014-05-08,-23,0.27792
,2014-05-09,-23,0.40527
,2014-05-10,-23,0.54866
,2014-05-11,-23,0.83613
,2014-05-12,-23,0.85567
,2014-05-13,-23,0.75378
,2014-05-14,-23,0.73334
,2014-05-15,-23,0.70016
,2014-05-16,-23,0.78497
,2014-05-17,-23,0.83488
,2014-05-18,-23,0.8377
,2014-05-19,-23,0.81638
,2014-05-20,-23,0.78574
,2014-05-21,-23,0.74075
,2014-05-22,-23,0.69189
,2014-05-23,-23,0.6483
,2014-05-24,-23,0.87159
,2014-05-25,-23,0.98742
,2014-05-26,-23,0.91202
,2014-05-27,-23,0.86609
,2014-05-28,-23,0.8812
,2014-05-29,-23,0.97219
,2014-05-30,-23,1.15102
,2014-05-31,-23,1.32863
,2014-06-01,-23,1.48064
,2014-06-02,-23,1.5677
,2014-06-03,-23,1.51071
,2014-06-04,-23,1.34675
,2014-06-05,-23,1.14586
,2014-06-06,-23,0.95667
,2014-06-07,-23,0.80082
,2014-06-08,-23,0.6819
,2014-06-09,-23,0.59354
,2014-06-10,-23,0.52802
,2014-06-11,-23,0.47936
,2014-06-12,-23,0.44321
,2014-06-13,-23,0.41576
,2014-06-14,-23,0.39372
,2014-06-15,-23,0.37477
,2014-06-16,-23,0.35815
,2014-06-17,-23,0.34407
,2014-06-18,-23,0.33285
,2014-06-19,-23,0.32329
,2014-06-20,-23,0.31352
,2014-06-21,-23,0.30233
,2014-06-22,-23,0.28957
,2014-06-23,-23,0.27586
,2014-06-24,-23,0.26188
,2014-06-25,-23,0.24822
,2014-06-26,-23,0.23524
,2014-06-27,-23,0.22288
,2014-06-28,-23,0.21074
,2014-06-29,-23,0.19853
,2014-06-30,-23,0.18625
,2014-07-01,-23,0.17412
,2014-07-02,-23,0.16245
,2014-07-03,-23,0.15149
,2014-07-04,-23,0.14138
,2014-07-05,-23,0.13217
,2014-07-06,-23,0.12382
,2014-07-07,-23,0.11627
,2014-07-08,-23,0.10943
,2014-07-09,-23,0.10322
,2014-07-10,-23,0.09752
,2014-07-11,-23,0.09229
,2014-07-12,-23,0.08745
,2014-07-13,-23,0.08295
,2014-07-14,-23,0.07875
,2014-07-15,-23,0.07481
,2014-07-16,-23,0.07111
,2014-07-17,-23,0.06762
,2014-07-18,-23,0.06433
,2014-07-19,-23,0.06121
,2014-07-20,-23,0.05826
,2014-07-21,-23,0.05547
,2014-07-22,-23,0.05282
,2014-07-23,-23,0.0503
,2014-07-24,-23,0.04792
,2014-07-25,-23,0.04566
,2014-07-26,-23,0.04351
,2014-07-27,-23,0.04146
,2014-07-28,-23,0.03953
,2014-07-29,-23,0.05509
,2014-07-30,-23,0.22129
,2014-07-31,-23,0.35223
,2014-08-01,-23,0.30364
,2014-08-02,-23,0.25324
,2014-08-03,-23,0.21568
,2014-08-04,-23,0.19006
,2014-08-05,-23,0.17719
,2014-08-06,-23,0.17327
,2014-08-07,-23,0.16548
,2014-08-08,-23,0.15431
,2014-08-09,-23,0.14355
,2014-08-10,-23,0.13369
,2014-08-11,-23,0.12475
,2014-08-12,-23,0.11663
,2014-08-13,-23,0.10917
,2014-08-14,-23,0.10232
,2014-08-15,-23,0.09599
,2014-08-16,-23,0.0902
,2014-08-17,-23,0.08487
,2014-08-18,-23,0.07989
,2014-08-19,-23,0.0752
,2014-08-20,-23,0.07078
,2014-08-21,-23,0.06663
,2014-08-22,-23,0.06274
,2014-08-23,-23,0.05911
,2014-08-24,-23,0.05571
,2014-08-25,-23,0.05254
,2014-08-26,-23,0.04958
,2014-08-27,-23,0.0468
,2014-08-28,-23,0.0442
,2014-08-29,-23,0.04176
,2014-08-30,-23,0.03947
,2014-08-31,-23,0.03733
,2014-09-01,-23,0.03531
,2014-09-02,-23,0.0334
,2014-09-03,-23,0.03161
,2014-09-04,-23,0.02992
,2014-09-05,-23,0.02834
,2014-09-06,-23,0.02684
,2014-09-07,-23,0.02543
,2014-09-08,-23,0.0241
,2014-09-09,-23,0.02285
,2014-09-10,-23,0.02166
,2014-09-11,-23,0.02056
,2014-09-12,-23,0.0195
,2014-09-13,-23,0.01851
,2014-09-14,-23,0.01757
,2014-09-15,-23,0.01687
,2014-09-16,-23,0.01652
,2014-09-17,-23,0.01597
,2014-09-18,-23,0.01523
,2014-09-19,-23,0.0145
,2014-09-20,-23,0.01381
,2014-09-21,-23,0.01314
,2014-09-22,-23,0.01251
,2014-09-23,-23,0.01191
,2014-09-24,-23,0.01134
,2014-09-25,-23,0.0108
,2014-09-26,-23,0.01029
,2014-09-27,-23,0.0098
,2014-09-28,-23,0.00934
,2014-09-29,-23,0.0089
,2014-09-30,-23,0.00849
,2014-10-01,-23,0.0081
,2014-10-02,-23,0.00772
,2014-10-03,-23,0.00737
,2014-10-04,-23,0.00704
,2014-10-05,-23,0.00672
,2014-10-06,-23,0.00642
,2014-10-07,-23,0.00614
,2014-10-08,-23,0.00587
,2014-10-09,-23,0.0146
,2014-10-10,-23,0.01673
,2014-10-11,-23,0.0163
,2014-10-12,-23,0.01494
,2014-10-13,-23,0.01337
,2014-10-14,-23,0.0119
,2014-10-15,-23,0.01059
,2014-10-16,-23,0.00947
,2014-10-17,-23,0.00851
,2014-10-18,-23,0.00775
,2014-10-19,-23,0.00726
,2014-10-20,-23,0.00717
,2014-10-21,-23,0.0077
,2014-10-22,-23,0.00894
,2014-10-23,-23,0.00982
,2014-10-24,-23,0.01016
,2014-10-25,-23,0.01013
,2014-10-26,-23,0.00989
,2014-10-27,-23,0.00956
,2014-10-28,-23,0.00917
,2014-10-29,-23,0.00877
,2014-10-30,-23,0.00838
,2014-10-31,-23,0.00799
,2014-11-01,-23,0.00762
,2014-11-02,-23,0.00727
,2014-11-03,-23,0.00693
,2014-11-04,-23,0.00661
,2014-11-05,-23,0.00631
,2014-11-06,-23,0.00602
,2014-11-07,-23,0.00574
,2014-11-08,-23,0.00548
,2014-11-09,-23,0.00524
,2014-11-10,-23,0.00501
,2014-11-11,-23,0.00479
,2014-11-12,-23,0.00458
,2014-11-13,-23,0.00439
,2014-11-14,-23,0.00421
,2014-11-15,-23,0.00404
,2014-11-16,-23,0.00388
,2014-11-17,-23,0.00374
,2014-11-18,-23,0.0036
,2014-11-19,-23,0.00348
,2014-11-20,-23,0.00336
,2014-11-21,-23,0.00326
,2014-11-22,-23,0.00321
,2014-11-23,-23,0.00324
,2014-11-24,-23,0.00333
,2014-11-25,-23,0.00347
,2014-11-26,-23,0.00362
,2014-11-27,-23,0.00378
,2014-11-28,-23,0.00393
,2014-11-29,-23,0.0041
,2014-11-30,-23,0.00429
,2014-12-01,-23,0.00456
,2014-12-02,-23,0.00492
,2014-12-03,-23,0.00545
,2014-12-04,-23,0.00615
,2014-12-05,-23,0.00703
,2014-12-06,-23,0.00804
,2014-12-07,-23,0.00912
,2014-12-08,-23,0.01016
,2014-12-09,-23,0.01108
,2014-12-10,-23,0.01183
,2014-12-11,-23,0.01238
,2014-12-12,-23,0.01272
,2014-12-13,-23,0.01286
,2014-12-14,-23,0.01285
,2014-12-15,-23,0.01271
,2014-12-16,-23,0.01251
,2014-12-17,-23,0.01228
,2014-12-18,-23,0.01206
,2014-12-19,-23,0.01185
,2014-12-20,-23,0.01169
,2014-12-21,-23,0.01163
,2014-12-22,-23,0.01161
,2014-12-23,-23,0.01161
,2014-12-24,-23,0.01161
,2014-12-25,-23,0.01159
,2014-12-26,-23,0.01155
,2014-12-27,-23,0.01148
,2014-12-28,-23,0.01139
,2014-12-29,-23,0.01126
,2014-12-30,-23,0.01111
,2014-12-31,-23,0.01094
,2015-01-01,-23,0.01075
,2015-01-02,-23,0.01055
,2015-01-03,-23,0.01033
,2015-01-04,-23,0.0101
,2015-01-05,-23,0.00986
,2015-01-06,-23,0.00962
,2015-01-07,-23,0.00938
,2015-01-08,-23,0.00914
,2015-01-09,-23,0.01315
,2015-01-10,-23,0.01608
,2015-01-11,-23,0.04603
,2015-01-12,-23,0.05522
,2015-01-13,-23,0.05248
,2015-01-14,-23,0.04671
,2015-01-15,-23,0.04113
,2015-01-16,-23,0.03728
,2015-01-17,-23,0.03836
,2015-01-18,-23,0.04455
,2015-01-19,-23,0.0529
,2015-01-20,-23,0.06116
,2015-01-21,-23,0.0678
,2015-01-22,-23,0.07163
,2015-01-23,-23,0.07236
,2015-01-24,-23,0.07052
,2015-01-25,-23,0.0677
,2015-01-26,-23,0.06455
,2015-01-27,-23,0.06142
,2015-01-28,-23,0.05907
,2015-01-29,-23,0.05797
,2015-01-30,-23,0.0579
,2015-01-31,-23,0.05826
,2015-02-01,-23,0.05842
,2015-02-02,-23,0.05802
,2015-02-03,-23,0.05751
,2015-02-04,-23,0.05722
,2015-02-05,-23,0.0566
,2015-02-06,-23,0.06249
,2015-02-07,-23,0.07562
,2015-02-08,-23,0.09267
,2015-02-09,-23,0.10893
,2015-02-10,-23,0.12018
,2015-02-11,-23,0.12499
,2015-02-12,-23,0.12429
,2015-02-13,-23,0.11977
,2015-02-14,-23,0.11311
,2015-02-15,-23,0.10613
,2015-02-16,-23,0.09878
,2015-02-17,-23,0.09153
,2015-02-18,-23,0.08476
,2015-02-19,-23,0.13621
,2015-02-20,-23,0.18608
,2015-02-21,-23,0.35172
,2015-02-22,-23,0.33842
,2015-02-23,-23,0.29518
,2015-02-24,-23,0.25286
,2015-02-25,-23,0.21776
,2015-02-26,-23,0.19013
,2015-02-27,-23,0.16847
,2015-02-28,-23,0.15122
,2015-03-01,-23,0.1372
,2015-03-02,-23,0.12554
,2015-03-03,-23,0.11566
,2015-03-04,-23,0.10713
,2015-03-05,-23,0.09968
,2015-03-06,-23,0.09303
,2015-03-07,-23,0.08706
,2015-03-08,-23,0.08168
,2015-03-09,-23,0.11056
,2015-03-10,-23,0.23577
,2015-03-11,-23,0.35937
,2015-03-12,-23,0.47018
,2015-03-13,-23,0.59595
,2015-03-14,-23,0.66135
,2015-03-15,-23,0.65724
,2015-03-16,-23,0.62806
,2015-03-17,-23,0.59854
,2015-03-18,-23,0.57322
,2015-03-19,-23,0.54415
,2015-03-20,-23,0.50526
,2015-03-21,-23,0.46659
,2015-03-22,-23,0.43169
,2015-03-23,-23,0.40166
,2015-03-24,-23,0.3771
,2015-03-25,-23,0.35732
,2015-03-26,-23,0.34044
,2015-03-27,-23,0.32458
,2015-03-28,-23,0.30978
,2015-03-29,-23,0.29965
,2015-03-30,-23,0.29918
,2015-03-31,-23,0.31493
,2015-04-01,-23,0.35488
,2015-04-02,-23,0.41184
,2015-04-03,-23,0.4608
,2015-04-04,-23,0.48035
,2015-04-05,-23,0.48972
,2015-04-06,-23,0.48073
,2015-04-07,-23,0.45608
,2015-04-08,-23,0.42389
,2015-04-09,-23,0.39
,2015-04-10,-23,0.35711
,2015-04-11,-23,0.32655
,2015-04-12,-23,0.29927
,2015-04-13,-23,0.27591
,2015-04-14,-23,0.25685
,2015-04-15,-23,0.2416
,2015-04-16,-23,0.58185
,2015-04-17,-23,0.77413
,2015-04-18,-23,0.9862
,2015-04-19,-23,1.0489
,2015-04-20,-23,0.94554
,2015-04-21,-23,0.8296
,2015-04-22,-23,0.75065
,2015-04-23,-23,0.72071
,2015-04-24,-23,0.71957
,2015-04-25,-23,0.73016
,2015-04-26,-23,0.95022
,2015-04-27,-23,0.98973
,2015-04-28,-23,0.93511
,2015-04-29,-23,0.85311
,2015-04-30,-23,0.77442
,2015-05-01,-23,0.72765
,2015-05-02,-23,0.73426
,2015-05-03,-23,0.80242
,2015-05-04,-23,1.01147
,2015-05-05,-23,1.3138
,2015-05-06,-23,1.34009
,2015-05-07,-23,1.69223
,2015-05-08,-23,2.34463
,2015-05-09,-23,3.59481
,2015-05-10,-23,3.35612
,2015-05-11,-23,2.69727
,2015-05-12,-23,2.14592
,2015-05-13,-23,1.77047
,2015-05-14,-23,1.54053
,2015-05-15,-23,1.37846
,2015-05-16,-23,1.24218
,2015-05-17,-23,1.11981
,2015-05-18,-23,1.29441
,2015-05-19,-23,1.65582
,2015-05-20,-23,1.73824
,2015-05-21,-23,1.61277
,2015-05-22,-23,1.53402
,2015-05-23,-23,1.63948
,2015-05-24,-23,1.58321
,2015-05-25,-23,1.42187
,2015-05-26,-23,1.25323
,2015-05-27,-23,1.11903
,2015-05-28,-23,1.01075
,2015-05-29,-23,0.92279
,2015-05-30,-23,0.85358
,2015-05-31,-23,0.80625
,2015-06-01,-23,0.79385
,2015-06-02,-23,0.78831
,2015-06-03,-23,0.78074
,2015-06-04,-23,0.7717
,2015-06-05,-23,0.77629
,2015-06-06,-23,0.74519
,2015-06-07,-23,0.69572
,2015-06-08,-23,0.65528
,2015-06-09,-23,0.62373
,2015-06-10,-23,0.59913
,2015-06-11,-23,0.58666
,2015-06-12,-23,0.57278
,2015-06-13,-23,0.56617
,2015-06-14,-23,0.56718
,2015-06-15,-23,0.57365
,2015-06-16,-23,0.58373
,2015-06-17,-23,0.59377
,2015-06-18,-23,0.6067
,2015-06-19,-23,0.63833
,2015-06-20,-23,0.66282
,2015-06-21,-23,0.64782
,2015-06-22,-23,0.6253
,2015-06-23,-23,0.60684
,2015-06-24,-23,0.5933
,2015-06-25,-23,0.584
,2015-06-26,-23,0.57609
,2015-06-27,-23,0.56754
,2015-06-28,-23,0.55589
,2015-06-29,-23,0.53895
,2015-06-30,-23,0.51714
,2015-07-01,-23,0.49162
,2015-07-02,-23,0.46361
,2015-07-03,-23,0.43408
,2015-07-04,-23,0.40399
,2015-07-05,-23,0.37476
,2015-07-06,-23,0.3475
,2015-07-07,-23,0.33934
,2015-07-08,-23,0.51087
,2015-07-09,-23,0.62311
,2015-07-10,-23,0.55809
,2015-07-11,-23,0.49197
,2015-07-12,-23,0.44083
,2015-07-13,-23,0.40266
,2015-07-14,-23,0.37384
,2015-07-15,-23,0.35284
,2015-07-16,-23,0.33699
,2015-07-17,-23,0.32378
,2015-07-18,-23,0.30456
,2015-07-19,-23,0.28471
,2015-07-20,-23,0.2667
,2015-07-21,-23,0.25043
,2015-07-22,-23,0.23556
,2015-07-23,-23,0.22187
,2015-07-24,-23,0.20918
,2015-07-25,-23,0.1974
,2015-07-26,-23,0.18649
,2015-07-27,-23,0.1762
,2015-07-28,-23,0.16641
,2015-07-29,-23,0.15712
,2015-07-30,-23,0.14835
,2015-07-31,-23,0.14009
,2015-08-01,-23,0.13234
,2015-08-02,-23,0.12509
,2015-08-03,-23,0.1183
,2015-08-04,-23,0.11193
,2015-08-05,-23,0.10596
,2015-08-06,-23,0.10036
,2015-08-07,-23,0.09505
,2015-08-08,-23,0.09005
,2015-08-09,-23,0.08533
,2015-08-10,-23,0.08087
,2015-08-11,-23,0.07666
,2015-08-12,-23,0.07268
,2015-08-13,-23,0.06891
,2015-08-14,-23,0.06535
,2015-08-15,-23,0.06198
,2015-08-16,-23,0.0588
,2015-08-17,-23,0.05578
,2015-08-18,-23,0.05293
,2015-08-19,-23,0.05023
,2015-08-20,-23,0.04768
,2015-08-21,-23,0.04527
,2015-08-22,-23,0.04298
,2015-08-23,-23,0.04081
,2015-08-24,-23,0.03877
,2015-08-25,-23,0.03683
,2015-08-26,-23,0.035
,2015-08-27,-23,0.03326
,2015-08-28,-23,0.03162
,2015-08-29,-23,0.03006
,2015-08-30,-23,0.02859
,2015-08-31,-23,0.02719
,2015-09-01,-23,0.02587
,2015-09-02,-23,0.02462
,2015-09-03,-23,0.02344
,2015-09-04,-23,0.02231
,2015-09-05,-23,0.02125
,2015-09-06,-23,0.02024
,2015-09-07,-23,0.01929
,2015-09-08,-23,0.01839
,2015-09-09,-23,0.01753
,2015-09-10,-23,0.01671
,2015-09-11,-23,0.01594
,2015-09-12,-23,0.01521
,2015-09-13,-23,0.01452
,2015-09-14,-23,0.01386
,2015-09-15,-23,0.01324
,2015-09-16,-23,0.01264
,2015-09-17,-23,0.01208
,2015-09-18,-23,0.01155
,2015-09-19,-23,0.01104
,2015-09-20,-23,0.01056
,2015-09-21,-23,0.0101
,2015-09-22,-23,0.00967
,2015-09-23,-23,0.00926
,2015-09-24,-23,0.00886
,2015-09-25,-23,0.0085
,2015-09-26,-23,0.00814
,2015-09-27,-23,0.00781
,2015-09-28,-23,0.00749
,2015-09-29,-23,0.00718
,2015-09-30,-23,0.00689
,2015-10-01,-23,0.00662
,2015-10-02,-23,0.00636
,2015-10-03,-23,0.00611
,2015-10-04,-23,0.00587
,2015-10-05,-23,0.00564
,2015-10-06,-23,0.00542
,2015-10-07,-23,0.00522
,2015-10-08,-23,0.00502
,2015-10-09,-23,0.00483
,2015-10-10,-23,0.00466
,2015-10-11,-23,0.00449
,2015-10-12,-23,0.00432
,2015-10-13,-23,0.00417
,2015-10-14,-23,0.00402
,2015-10-15,-23,0.00388
,2015-10-16,-23,0.00374
,2015-10-17,-23,0.00361
,2015-10-18,-23,0.00349
,2015-10-19,-23,0.00337
,2015-10-20,-23,0.00349
,2015-10-21,-23,0.02379
,2015-10-22,-23,0.15465
,2015-10-23,-23,0.18992
,2015-10-24,-23,0.17308
,2015-10-25,-23,0.15089
,2015-10-26,-23,0.13247
,2015-10-27,-23,0.11812
,2015-10-28,-23,0.1068
,2015-10-29,-23,0.09761
,2015-10-30,-23,0.08991
,2015-10-31,-23,0.08338
,2015-11-01,-23,0.07772
,2015-11-02,-23,0.07289
,2015-11-03,-23,0.06942
,2015-11-04,-23,0.06846
,2015-11-05,-23,0.06646
,2015-11-06,-23,0.0642
,2015-11-07,-23,0.06187
,2015-11-08,-23,0.05992
,2015-11-09,-23,0.06713
,2015-11-10,-23,0.17321
,2015-11-11,-23,0.22133
,2015-11-12,-23,0.23885
,2015-11-13,-23,0.2384
,2015-11-14,-23,0.22998
,2015-11-15,-23,0.21931
,2015-11-16,-23,0.21207
,2015-11-17,-23,0.20271
,2015-11-18,-23,0.19187
,2015-11-19,-23,0.18052
,2015-11-20,-23,0.1746
,2015-11-21,-23,0.16869
,2015-11-22,-23,0.1619
,2015-11-23,-23,0.21016
,2015-11-24,-23,0.25594
,2015-11-25,-23,0.27419
,2015-11-26,-23,0.2678
,2015-11-27,-23,0.24966
,2015-11-28,-23,0.22842
,2015-11-29,-23,0.20822
,2015-11-30,-23,0.19054
,2015-12-01,-23,0.1756
,2015-12-02,-23,0.16309
,2015-12-03,-23,0.15257
,2015-12-04,-23,0.15095
,2015-12-05,-23,0.15748
,2015-12-06,-23,0.15787
,2015-12-07,-23,0.15421
,2015-12-08,-23,0.15076
,2015-12-09,-23,0.15339
,2015-12-10,-23,0.15015
,2015-12-11,-23,0.1432
,2015-12-12,-23,0.13577
,2015-12-13,-23,0.12863
,2015-12-14,-23,0.12189
,2015-12-15,-23,0.14086
,2015-12-16,-23,0.14056
,2015-12-17,-23,0.13196
,2015-12-18,-23,0.12175
,2015-12-19,-23,0.12258
,2015-12-20,-23,0.168
,2015-12-21,-23,0.19608
,2015-12-22,-23,0.20147
,2015-12-23,-23,0.19281
,2015-12-24,-23,0.17822
,2015-12-25,-23,0.16364
,2015-12-26,-23,0.15052
,2015-12-27,-23,0.1392
,2015-12-28,-23,0.12935
,2015-12-29,-23,0.1207
,2015-12-30,-23,0.11306
,2015-12-31,-23,0.1063
,2016-01-01,-23,0.09977
,2016-01-02,-23,0.094
,2016-01-03,-23,0.08899
,2016-01-04,-23,0.08466
,2016-01-05,-23,0.08094
,2016-01-06,-23,0.07775
,2016-01-07,-23,0.0763
,2016-01-08,-23,0.07455
,2016-01-09,-23,0.07245
,2016-01-10,-23,0.07021
,2016-01-11,-23,0.06775
,2016-01-12,-23,0.06524
,2016-01-13,-23,0.06279
,2016-01-14,-23,0.06061
,2016-01-15,-23,0.05868
,2016-01-16,-23,0.05679
,2016-01-17,-23,0.05498
,2016-01-18,-23,0.05327
,2016-01-19,-23,0.05166
,2016-01-20,-23,0.05013
,2016-01-21,-23,0.04865
,2016-01-22,-23,0.04738
,2016-01-23,-23,0.04701
,2016-01-24,-23,0.04768
,2016-01-25,-23,0.04724
,2016-01-26,-23,0.0457
,2016-01-27,-23,0.04372
,2016-01-28,-23,0.04155
,2016-01-29,-23,0.0396
,2016-01-30,-23,0.03802
,2016-01-31,-23,0.03752
,2016-02-01,-23,0.03827
,2016-02-02,-23,0.03983
,2016-02-03,-23,0.04143
,2016-02-04,-23,0.04248
,2016-02-05,-23,0.04268
,2016-02-06,-23,0.04201
,2016-02-07,-23,0.04069
,2016-02-08,-23,0.03892
,2016-02-09,-23,0.0369
,2016-02-10,-23,0.11807
,2016-02-11,-23,0.14981
,2016-02-12,-23,0.16763
,2016-02-13,-23,0.17264
,2016-02-14,-23,0.16898
,2016-02-15,-23,0.16051
,2016-02-16,-23,0.14946
,2016-02-17,-23,0.13755
,2016-02-18,-23,0.12667
,2016-02-19,-23,0.11835
,2016-02-20,-23,0.11302
,2016-02-21,-23,0.11058
,2016-02-22,-23,0.11024
,2016-02-23,-23,0.11081
,2016-02-24,-23,0.11585
,2016-02-25,-23,0.11771
,2016-02-26,-23,0.11565
,2016-02-27,-23,0.12511
,2016-02-28,-23,0.1396
,2016-02-29,-23,0.15227
,2016-03-01,-23,0.16043
,2016-03-02,-23,0.16332
,2016-03-03,-23,0.16122
,2016-03-04,-23,0.15515
,2016-03-05,-23,0.14653
,2016-03-06,-23,0.13667
,2016-03-07,-23,0.12656
,2016-03-08,-23,0.11684
,2016-03-09,-23,0.10783
,2016-03-10,-23,0.09967
,2016-03-11,-23,0.09232
,2016-03-12,-23,0.08576
,2016-03-13,-23,0.07991
,2016-03-14,-23,0.07466
,2016-03-15,-23,0.06993
,2016-03-16,-23,0.06565
,2016-03-17,-23,0.06175
,2016-03-18,-23,0.05818
,2016-03-19,-23,0.0549
,2016-03-20,-23,0.05187
,2016-03-21,-23,0.04905
,2016-03-22,-23,0.79363
,2016-03-23,-23,1.23783
,2016-03-24,-23,1.15975
,2016-03-25,-23,0.98318
,2016-03-26,-23,0.80072
,2016-03-27,-23,0.65834
,2016-03-28,-23,0.5721
,2016-03-29,-23,0.662
,2016-03-30,-23,0.79698
,2016-03-31,-23,0.84336
,2016-04-01,-23,0.80495
,2016-04-02,-23,0.73848
,2016-04-03,-23,0.68346
,2016-04-04,-23,0.63463
,2016-04-05,-23,0.5886
,2016-04-06,-23,0.55403
,2016-04-07,-23,0.53804
,2016-04-08,-23,0.51406
,2016-04-09,-23,0.47736
,2016-04-10,-23,0.44196
,2016-04-11,-23,0.41079
,2016-04-12,-23,0.38312
,2016-04-13,-23,0.35774
,2016-04-14,-23,0.33439
,2016-04-15,-23,0.32473
,2016-04-16,-23,0.82039
,2016-04-17,-23,0.95531
,2016-04-18,-23,0.79462
,2016-04-19,-23,0.72701
,2016-04-20,-23,0.64813
,2016-04-21,-23,0.6741
,2016-04-22,-23,0.84864
,2016-04-23,-23,0.96301
,2016-04-24,-23,0.97129
,2016-04-25,-23,0.94413
,2016-04-26,-23,0.9202
,2016-04-27,-23,0.89225
,2016-04-28,-23,0.86717
,2016-04-29,-23,0.83386
,2016-04-30,-23,0.79129
,2016-05-01,-23,0.76976
,2016-05-02,-23,0.7038
,2016-05-03,-23,0.8677
,2016-05-04,-23,0.93828
,2016-05-05,-23,0.93008
,2016-05-06,-23,0.90185
,2016-05-07,-23,0.92035
,2016-05-08,-23,0.98232
,2016-05-09,-23,1.00016
,2016-05-10,-23,0.96622
,2016-05-11,-23,0.89639
,2016-05-12,-23,0.8122
,2016-05-13,-23,0.7299
,2016-05-14,-23,0.65727
,2016-05-15,-23,0.59323
,2016-05-16,-23,0.57193
,2016-05-17,-23,0.52092
,2016-05-18,-23,0.47021
,2016-05-19,-23,0.42684
,2016-05-20,-23,0.39219
,2016-05-21,-23,0.36793
,2016-05-22,-23,0.36906
,2016-05-23,-23,0.41167
,2016-05-24,-23,0.49753
,2016-05-25,-23,0.58744
,2016-05-26,-23,0.6431
,2016-05-27,-23,0.65859
,2016-05-28,-23,0.64832
,2016-05-29,-23,0.6294
,2016-05-30,-23,0.62606
,2016-05-31,-23,0.65893
,2016-06-01,-23,0.72275
,2016-06-02,-23,0.76993
,2016-06-03,-23,0.76259
,2016-06-04,-23,0.70554
,2016-06-05,-23,0.62469
,2016-06-06,-23,0.54192
,2016-06-07,-23,0.46878
,2016-06-08,-23,0.4092
,2016-06-09,-23,0.36319
,2016-06-10,-23,0.32898
,2016-06-11,-23,0.30446
,2016-06-12,-23,0.28785
,2016-06-13,-23,0.27761
,2016-06-14,-23,0.272
,2016-06-15,-23,0.26931
,2016-06-16,-23,0.26831
,2016-06-17,-23,0.26738
,2016-06-18,-23,0.26425
,2016-06-19,-23,0.25734
,2016-06-20,-23,0.24645
,2016-06-21,-23,0.23259
,2016-06-22,-23,0.21717
,2016-06-23,-23,0.20152
,2016-06-24,-23,0.18656
,2016-06-25,-23,0.1728
,2016-06-26,-23,0.16043
,2016-06-27,-23,0.14944
,2016-06-28,-23,0.13971
,2016-06-29,-23,0.13108
,2016-06-30,-23,0.12337
,2016-07-01,-23,0.11642
,2016-07-02,-23,0.1101
,2016-07-03,-23,0.10431
,2016-07-04,-23,0.09898
,2016-07-05,-23,0.094
,2016-07-06,-23,0.08934
,2016-07-07,-23,0.08497
,2016-07-08,-23,0.08086
,2016-07-09,-23,0.07698
,2016-07-10,-23,0.0733
,2016-07-11,-23,0.06981
,2016-07-12,-23,0.0665
,2016-07-13,-23,0.06335
,2016-07-14,-23,0.06037
,2016-07-15,-23,0.05753
,2016-07-16,-23,0.05483
,2016-07-17,-23,0.05227
,2016-07-18,-23,0.04983
,2016-07-19,-23,0.04751
,2016-07-20,-23,0.04531
,2016-07-21,-23,0.04321
,2016-07-22,-23,0.04121
,2016-07-23,-23,0.03932
,2016-07-24,-23,0.03753
,2016-07-25,-23,0.03581
,2016-07-26,-23,0.03419
,2016-07-27,-23,0.03264
,2016-07-28,-23,0.03116
,2016-07-29,-23,0.02976
,2016-07-30,-23,0.02843
,2016-07-31,-23,0.02716
,2016-08-01,-23,0.02595
,2016-08-02,-23,0.0248
,2016-08-03,-23,0.02371
,2016-08-04,-23,0.02267
,2016-08-05,-23,0.02168
,2016-08-06,-23,0.02074
,2016-08-07,-23,0.01984
,2016-08-08,-23,0.01899
,2016-08-09,-23,0.01818
,2016-08-10,-23,0.0174
,2016-08-11,-23,0.01667
,2016-08-12,-23,0.01596
,2016-08-13,-23,0.01529
,2016-08-14,-23,0.01466
,2016-08-15,-23,0.01405
,2016-08-16,-23,0.01347
,2016-08-17,-23,0.01292
,2016-08-18,-23,0.01239
,2016-08-19,-23,0.01189
,2016-08-20,-23,0.01142
,2016-08-21,-23,0.01096
,2016-08-22,-23,0.01053
,2016-08-23,-23,0.01011
,2016-08-24,-23,0.00971
,2016-08-25,-23,0.00934
,2016-08-26,-23,0.00897
,2016-08-27,-23,0.00863
,2016-08-28,-23,0.0083
,2016-08-29,-23,0.00799
,2016-08-30,-23,0.00769
,2016-08-31,-23,0.00741
,2016-09-01,-23,0.00713
,2016-09-02,-23,0.00687
,2016-09-03,-23,0.00662
,2016-09-04,-23,0.00638
,2016-09-05,-23,0.00615
,2016-09-06,-23,0.00594
,2016-09-07,-23,0.00573
,2016-09-08,-23,0.00553
,2016-09-09,-23,0.00533
,2016-09-10,-23,0.00515
,2016-09-11,-23,0.00498
,2016-09-12,-23,0.00481
,2016-09-13,-23,0.00465
,2016-09-14,-23,0.00449
,2016-09-15,-23,0.00434
,2016-09-16,-23,0.0042
,2016-09-17,-23,0.00406
,2016-09-18,-23,0.00393
,2016-09-19,-23,0.00381
,2016-09-20,-23,0.00369
,2016-09-21,-23,0.00357
,2016-09-22,-23,0.00346
,2016-09-23,-23,0.00335
,2016-09-24,-23,0.00325
,2016-09-25,-23,0.00315
,2016-09-26,-23,0.00305
,2016-09-27,-23,0.00296
,2016-09-28,-23,0.00287
,2016-09-29,-23,0.00279
,2016-09-30,-23,0.00271
,2016-10-01,-23,0.00263
,2016-10-02,-23,0.00255
,2016-10-03,-23,0.00248
,2016-10-04,-23,0.00241
,2016-10-05,-23,0.00235
,2016-10-06,-23,0.00228
,2016-10-07,-23,0.00222
,2016-10-08,-23,0.00216
,2016-10-09,-23,0.0021
,2016-10-10,-23,0.00205
,2016-10-11,-23,0.00199
,2016-10-12,-23,0.00194
,2016-10-13,-23,0.00189
,2016-10-14,-23,0.00184
,2016-10-15,-23,0.0018
,2016-10-16,-23,0.00175
,2016-10-17,-23,0.00171
,2016-10-18,-23,0.00167
,2016-10-19,-23,0.00163
,2016-10-20,-23,0.00159
,2016-10-21,-23,0.00155
,2016-10-22,-23,0.00152
,2016-10-23,-23,0.00148
,2016-10-24,-23,0.00145
,2016-10-25,-23,0.00142
,2016-10-26,-23,0.00139
,2016-10-27,-23,0.00136
,2016-10-28,-23,0.00133
,2016-10-29,-23,0.0013
,2016-10-30,-23,0.00128
,2016-10-31,-23,0.00125
,2016-11-01,-23,0.00123
,2016-11-02,-23,0.00121
,2016-11-03,-23,0.00119
,2016-11-04,-23,0.00116
,2016-11-05,-23,0.00114
,2016-11-06,-23,0.00113
,2016-11-07,-23,0.00111
,2016-11-08,-23,0.00109
,2016-11-09,-23,0.00107
,2016-11-10,-23,0.00106
,2016-11-11,-23,0.00104
,2016-11-12,-23,0.00102
,2016-11-13,-23,0.00101
,2016-11-14,-23,0.00099
,2016-11-15,-23,0.00098
,2016-11-16,-23,0.00097
,2016-11-17,-23,0.00095
,2016-11-18,-23,0.00094
,2016-11-19,-23,0.00093
,2016-11-20,-23,0.00096
,2016-11-21,-23,0.00109
,2016-11-22,-23,0.00138
,2016-11-23,-23,0.00189
,2016-11-24,-23,0.0027
,2016-11-25,-23,0.00384
,2016-11-26,-23,0.0053
,2016-11-27,-23,0.007
,2016-11-28,-23,0.00884
,2016-11-29,-23,0.01072
,2016-11-30,-23,0.01252
,2016-12-01,-23,0.01417
,2016-12-02,-23,0.01562
,2016-12-03,-23,0.01684
,2016-12-04,-23,0.01782
,2016-12-05,-23,0.01856
,2016-12-06,-23,0.01908
,2016-12-07,-23,0.0194
,2016-12-08,-23,0.01956
,2016-12-09,-23,0.01956
,2016-12-10,-23,0.01945
,2016-12-11,-23,0.02054
,2016-12-12,-23,0.02107
,2016-12-13,-23,0.02091
,2016-12-14,-23,0.02034
,2016-12-15,-23,0.0196
,2016-12-16,-23,0.04732
,2016-12-17,-23,0.05408
,2016-12-18,-23,0.05046
,2016-12-19,-23,0.04467
,2016-12-20,-23,0.0394
,2016-12-21,-23,0.04995
,2016-12-22,-23,0.05412
,2016-12-23,-23,0.05371
,2016-12-24,-23,0.05488
,2016-12-25,-23,0.05649
,2016-12-26,-23,0.05719
,2016-12-27,-23,0.05657
,2016-12-28,-23,0.05526
,2016-12-29,-23,0.05367
,2016-12-30,-23,0.05076
,2016-12-31,-23,0.0482
,2017-01-01,-23,0.04654
,2017-01-02,-23,0.04545
,2017-01-03,-23,0.0444
,2017-01-04,-23,0.04305
,2017-01-05,-23,0.04131
,2017-01-06,-23,0.03926
,2017-01-07,-23,0.03703
,2017-01-08,-23,0.03473
,2017-01-09,-23,0.03246
,2017-01-10,-23,0.12021
,2017-01-11,-23,0.19476
,2017-01-12,-23,0.1856
,2017-01-13,-23,0.15641
,2017-01-14,-23,0.13243
,2017-01-15,-23,0.13284
,2017-01-16,-23,0.12356
,2017-01-17,-23,0.11225
,2017-01-18,-23,0.16494
,2017-01-19,-23,0.16511
,2017-01-20,-23,0.17069
,2017-01-21,-23,0.17096
,2017-01-22,-23,0.16373
,2017-01-23,-23,0.15281
,2017-01-24,-23,0.14138
,2017-01-25,-23,0.1309
,2017-01-26,-23,0.12163
,2017-01-27,-23,0.11343
,2017-01-28,-23,0.10626
,2017-01-29,-23,0.10037
,2017-01-30,-23,0.09613
,2017-01-31,-23,0.1034
,2017-02-01,-23,0.1214
,2017-02-02,-23,0.13905
,2017-02-03,-23,0.14911
,2017-02-04,-23,0.15136
,2017-02-05,-23,0.14956
,2017-02-06,-23,0.15254
,2017-02-07,-23,0.16626
,2017-02-08,-23,0.19568
,2017-02-09,-23,0.22404
,2017-02-10,-23,0.23918
,2017-02-11,-23,0.24652
,2017-02-12,-23,0.25397
,2017-02-13,-23,0.25846
,2017-02-14,-23,0.25558
,2017-02-15,-23,0.2455
,2017-02-16,-23,0.23273
,2017-02-17,-23,0.22827
,2017-02-18,-23,0.23768
,2017-02-19,-23,0.26221
,2017-02-20,-23,0.29504
,2017-02-21,-23,0.32467
,2017-02-22,-23,0.34892
,2017-02-23,-23,0.37149
,2017-02-24,-23,0.38665
,2017-02-25,-23,0.38833
,2017-02-26,-23,0.37706
,2017-02-27,-23,0.35764
,2017-02-28,-23,0.33507
,2017-03-01,-23,0.31243
,2017-03-02,-23,0.29123
,2017-03-03,-23,0.27208
,2017-03-04,-23,0.25526
,2017-03-05,-23,0.26
,2017-03-06,-23,0.26456
,2017-03-07,-23,0.25993
,2017-03-08,-23,0.24792
,2017-03-09,-23,0.23273
,2017-03-10,-23,0.21996
,2017-03-11,-23,0.21373
,2017-03-12,-23,0.21286
,2017-03-13,-23,0.2131
,2017-03-14,-23,0.21087
,2017-03-15,-23,0.20496
,2017-03-16,-23,0.19596
,2017-03-17,-23,0.18519
,2017-03-18,-23,0.17386
,2017-03-19,-23,0.16273
,2017-03-20,-23,0.15223
,2017-03-21,-23,0.1425
,2017-03-22,-23,0.13373
,2017-03-23,-23,0.12704
,2017-03-24,-23,0.1247
,2017-03-25,-23,0.12869
,2017-03-26,-23,0.14009
,2017-03-27,-23,0.15936
,2017-03-28,-23,0.24138
,2017-03-29,-23,0.26826
,2017-03-30,-23,0.28734
,2017-03-31,-23,0.39506
,2017-04-01,-23,0.38449
,2017-04-02,-23,0.35638
,2017-04-03,-23,0.55141
,2017-04-04,-23,0.76303
,2017-04-05,-23,0.69619
,2017-04-06,-23,0.64512
,2017-04-07,-23,0.80064
,2017-04-08,-23,0.93611
,2017-04-09,-23,0.96015
,2017-04-10,-23,0.92054
,2017-04-11,-23,0.86014
,2017-04-12,-23,0.80186
,2017-04-13,-23,0.73555
,2017-04-14,-23,0.69232
,2017-04-15,-23,0.67353
,2017-04-16,-23,0.66383
,2017-04-17,-23,0.65169
,2017-04-18,-23,0.63391
,2017-04-19,-23,0.61381
,2017-04-20,-23,0.59514
,2017-04-21,-23,0.57903
,2017-04-22,-23,0.56008
,2017-04-23,-23,0.53379
,2017-04-24,-23,0.50736
,2017-04-25,-23,0.49021
,2017-04-26,-23,0.48284
,2017-04-27,-23,0.47633
,2017-04-28,-23,0.4631
,2017-04-29,-23,0.48513
,2017-04-30,-23,0.45539
,2017-05-01,-23,0.57161
,2017-05-02,-23,0.58487
,2017-05-03,-23,0.56899
,2017-05-04,-23,0.5303
,2017-05-05,-23,0.4985
,2017-05-06,-23,0.49745
,2017-05-07,-23,0.54624
,2017-05-08,-23,0.63888
,2017-05-09,-23,0.76394
,2017-05-10,-23,1.1534
,2017-05-11,-23,1.31431
,2017-05-12,-23,1.16926
,2017-05-13,-23,1.03915
,2017-05-14,-23,0.96579
,2017-05-15,-23,0.91751
,2017-05-16,-23,0.86796
,2017-05-17,-23,1.00834
,2017-05-18,-23,3.16451
,2017-05-19,-23,2.6238
,2017-05-20,-23,2.14856
,2017-05-21,-23,1.9387
,2017-05-22,-23,1.75478
,2017-05-23,-23,1.55009
,2017-05-24,-23,1.37226
,2017-05-25,-23,1.25218
,2017-05-26,-23,1.15679
,2017-05-27,-23,1.06626
,2017-05-28,-23,0.97599
,2017-05-29,-23,0.88875
,2017-05-30,-23,0.80847
,2017-05-31,-23,0.7389
,2017-06-01,-23,0.68754
,2017-06-02,-23,0.66638
,2017-06-03,-23,0.65829
,2017-06-04,-23,0.66266
,2017-06-05,-23,0.62624
,2017-06-06,-23,0.59821
,2017-06-07,-23,0.57422
,2017-06-08,-23,0.56426
,2017-06-09,-23,0.56392
,2017-06-10,-23,0.56812
,2017-06-11,-23,0.57275
,2017-06-12,-23,0.57393
,2017-06-13,-23,0.56986
,2017-06-14,-23,0.56012
,2017-06-15,-23,0.54484
,2017-06-16,-23,0.5255
,2017-06-17,-23,0.50441
,2017-06-18,-23,0.48355
,2017-06-19,-23,0.46265
,2017-06-20,-23,0.44085
,2017-06-21,-23,0.41792
,2017-06-22,-23,0.39452
,2017-06-23,-23,0.37155
,2017-06-24,-23,0.34969
,2017-06-25,-23,0.32896
,2017-06-26,-23,0.30899
,2017-06-27,-23,0.28947
,2017-06-28,-23,0.27051
,2017-06-29,-23,0.25235
,2017-06-30,-23,0.2353
,2017-07-01,-23,0.21957
,2017-07-02,-23,0.20523
,2017-07-03,-23,0.19223
,2017-07-04,-23,0.18047
,2017-07-05,-23,0.16979
,2017-07-06,-23,0.16006
,2017-07-07,-23,0.15114
,2017-07-08,-23,0.14291
,2017-07-09,-23,0.13527
,2017-07-10,-23,0.12815
,2017-07-11,-23,0.12149
,2017-07-12,-23,0.11523
,2017-07-13,-23,0.10934
,2017-07-14,-23,0.10379
,2017-07-15,-23,0.09855
,2017-07-16,-23,0.09358
,2017-07-17,-23,0.08888
,2017-07-18,-23,0.08444
,2017-07-19,-23,0.08022
,2017-07-20,-23,0.07622
,2017-07-21,-23,0.07244
,2017-07-22,-23,0.06884
,2017-07-23,-23,0.06544
,2017-07-24,-23,0.06221
,2017-07-25,-23,0.05915
,2017-07-26,-23,0.05625
,2017-07-27,-23,0.0535
,2017-07-28,-23,0.05178
,2017-07-29,-23,0.05043
,2017-07-30,-23,0.04948
,2017-07-31,-23,0.04948
,2017-08-01,-23,0.04997
,2017-08-02,-23,0.04921
,2017-08-03,-23,0.04748
,2017-08-04,-23,0.04554
,2017-08-05,-23,0.04357
,2017-08-06,-23,0.04158
,2017-08-07,-23,0.0418
,2017-08-08,-23,0.0596
,2017-08-09,-23,0.06467
,2017-08-10,-23,0.07391
,2017-08-11,-23,0.07383
,2017-08-12,-23,0.06952
,2017-08-13,-23,0.06408
,2017-08-14,-23,0.0594
,2017-08-15,-23,0.05586
,2017-08-16,-23,0.05227
,2017-08-17,-23,0.04872
,2017-08-18,-23,0.04549
,2017-08-19,-23,0.04259
,2017-08-20,-23,0.04001
,2017-08-21,-23,0.03768
,2017-08-22,-23,0.03556
,2017-08-23,-23,0.03361
,2017-08-24,-23,0.03182
,2017-08-25,-23,0.03015
,2017-08-26,-23,0.02858
,2017-08-27,-23,0.02712
,2017-08-28,-23,0.02575
,2017-08-29,-23,0.02447
,2017-08-30,-23,0.02326
,2017-08-31,-23,0.02211
,2017-09-01,-23,0.02103
,2017-09-02,-23,0.02001
,2017-09-03,-23,0.01905
,2017-09-04,-23,0.01814
,2017-09-05,-23,0.01728
,2017-09-06,-23,0.01646
,2017-09-07,-23,0.01568
,2017-09-08,-23,0.01495
,2017-09-09,-23,0.01426
,2017-09-10,-23,0.0136
,2017-09-11,-23,0.01297
,2017-09-12,-23,0.01238
,2017-09-13,-23,0.01182
,2017-09-14,-23,0.01129
,2017-09-15,-23,0.01078
,2017-09-16,-23,0.0103
,2017-09-17,-23,0.00985
,2017-09-18,-23,0.00942
,2017-09-19,-23,0.009
,2017-09-20,-23,0.00862
,2017-09-21,-23,0.00825
,2017-09-22,-23,0.0079
,2017-09-23,-23,0.00793
,2017-09-24,-23,0.03999
,2017-09-25,-23,0.04631
,2017-09-26,-23,0.04461
,2017-09-27,-23,0.09854
,2017-09-28,-23,0.20393
,2017-09-29,-23,0.1959
,2017-09-30,-23,0.19178
,2017-10-01,-23,0.35516
,2017-10-02,-23,0.49067
,2017-10-03,-23,0.48264
,2017-10-04,-23,0.45294
,2017-10-05,-23,0.41825
,2017-10-06,-23,0.38306
,2017-10-07,-23,0.34991
,2017-10-08,-23,0.39799
,2017-10-09,-23,0.47797
,2017-10-10,-23,0.46473
,2017-10-11,-23,0.61968
,2017-10-12,-23,0.90898
,2017-10-13,-23,1.05769
,2017-10-14,-23,1.03572
,2017-10-15,-23,0.94001
,2017-10-16,-23,0.83631
,2017-10-17,-23,0.75089
,2017-10-18,-23,0.68985
,2017-10-19,-23,0.6539
,2017-10-20,-23,0.63722
,2017-10-21,-23,0.5997
,2017-10-22,-23,0.57157
,2017-10-23,-23,0.53598
,2017-10-24,-23,0.4999
,2017-10-25,-23,0.46662
,2017-10-26,-23,0.4365
,2017-10-27,-23,0.40927
,2017-10-28,-23,0.38453
,2017-10-29,-23,0.3619
,2017-10-30,-23,0.34106
,2017-10-31,-23,0.32196
,2017-11-01,-23,0.30741
,2017-11-02,-23,0.29383
,2017-11-03,-23,0.28006
,2017-11-04,-23,0.26628
,2017-11-05,-23,0.25258
,2017-11-06,-23,0.2391
,2017-11-07,-23,0.22599
,2017-11-08,-23,0.21337
,2017-11-09,-23,0.25079
,2017-11-10,-23,0.2712
,2017-11-11,-23,0.28067
,2017-11-12,-23,0.28023
,2017-11-13,-23,0.27222
,2017-11-14,-23,0.25983
,2017-11-15,-23,0.24681
,2017-11-16,-23,0.23615
,2017-11-17,-23,0.22851
,2017-11-18,-23,0.22179
,2017-11-19,-23,0.21317
,2017-11-20,-23,0.2012
,2017-11-21,-23,0.18821
,2017-11-22,-23,0.17598
,2017-11-23,-23,0.16498
,2017-11-24,-23,0.15523
,2017-11-25,-23,0.14681
,2017-11-26,-23,0.13975
,2017-11-27,-23,0.13386
,2017-11-28,-23,0.12878
,2017-11-29,-23,0.12412
,2017-11-30,-23,0.11954
,2017-12-01,-23,0.11487
,2017-12-02,-23,0.11006
,2017-12-03,-23,0.10512
,2017-12-04,-23,0.10015
,2017-12-05,-23,0.0952
,2017-12-06,-23,0.09036
,2017-12-07,-23,0.08569
,2017-12-08,-23,0.08122
,2017-12-09,-23,0.07696
,2017-12-10,-23,0.07292
,2017-12-11,-23,0.0691
,2017-12-12,-23,0.0655
,2017-12-13,-23,0.06211
,2017-12-14,-23,0.05891
,2017-12-15,-23,0.0559
,2017-12-16,-23,0.05306
,2017-12-17,-23,0.05037
,2017-12-18,-23,0.04784
,2017-12-19,-23,0.04546
,2017-12-20,-23,0.0432
,2017-12-21,-23,0.04106
,2017-12-22,-23,0.03904
,2017-12-23,-23,0.03714
,2017-12-24,-23,0.03533
,2017-12-25,-23,0.03363
,2017-12-26,-23,0.03201
,2017-12-27,-23,0.03047
,2017-12-28,-23,0.02902
,2017-12-29,-23,0.02765
,2017-12-30,-23,0.02764
,2017-12-31,-23,0.02897
,2018-01-01,-23,0.03089
,2018-01-02,-23,0.03262
,2018-01-03,-23,0.03365
,2018-01-04,-23,0.03377
,2018-01-05,-23,0.03311
,2018-01-06,-23,0.03197
,2018-01-07,-23,0.03073
,2018-01-08,-23,0.02962
,2018-01-09,-23,0.02887
,2018-01-10,-23,0.02879
,2018-01-11,-23,0.02957
,2018-01-12,-23,0.03114
,2018-01-13,-23,0.0332
,2018-01-14,-23,0.03528
,2018-01-15,-23,0.03694
,2018-01-16,-23,0.03791
,2018-01-17,-23,0.03813
,2018-01-18,-23,0.03766
,2018-01-19,-23,0.03665
,2018-01-20,-23,0.03529
,2018-01-21,-23,0.03376
,2018-01-22,-23,0.03225
,2018-01-23,-23,0.03085
,2018-01-24,-23,0.02953
,2018-01-25,-23,0.02828
,2018-01-26,-23,0.03003
,2018-01-27,-23,0.03284
,2018-01-28,-23,0.03485
,2018-01-29,-23,0.0354
,2018-01-30,-23,0.03524
,2018-01-31,-23,0.03508
,2018-02-01,-23,0.03521
,2018-02-02,-23,0.03551
,2018-02-03,-23,0.03578
,2018-02-04,-23,0.03585
,2018-02-05,-23,0.03563
,2018-02-06,-23,0.03508
,2018-02-07,-23,0.03423
,2018-02-08,-23,0.03311
,2018-02-09,-23,0.03185
,2018-02-10,-23,0.0306
,2018-02-11,-23,0.02943
,2018-02-12,-23,0.02838
,2018-02-13,-23,0.02742
,2018-02-14,-23,0.02651
,2018-02-15,-23,0.02658
,2018-02-16,-23,0.02709
,2018-02-17,-23,0.02756
,2018-02-18,-23,0.02772
,2018-02-19,-23,0.02745
,2018-02-20,-23,0.02678
,2018-02-21,-23,0.02581
,2018-02-22,-23,0.02464
,2018-02-23,-23,0.02336
,2018-02-24,-23,0.02205
,2018-02-25,-23,0.02076
,2018-02-26,-23,0.01952
,2018-02-27,-23,0.01835
,2018-02-28,-23,0.01726
,2018-03-01,-23,0.01624
,2018-03-02,-23,0.0153
,2018-03-03,-23,0.01445
,2018-03-04,-23,0.01574
,2018-03-05,-23,0.01878
,2018-03-06,-23,0.02226
,2018-03-07,-23,0.0251
,2018-03-08,-23,0.02675
,2018-03-09,-23,0.02719
,2018-03-10,-23,0.0267
,2018-03-11,-23,0.02563
,2018-03-12,-23,0.02425
,2018-03-13,-23,0.02275
,2018-03-14,-23,0.02125
,2018-03-15,-23,0.01981
,2018-03-16,-23,0.0185
,2018-03-17,-23,0.01737
,2018-03-18,-23,0.02274
,2018-03-19,-23,0.02289
,2018-03-20,-23,0.02231
,2018-03-21,-23,0.02175
,2018-03-22,-23,0.02415
,2018-03-23,-23,0.02987
,2018-03-24,-23,0.03732
,2018-03-25,-23,0.04453
,2018-03-26,-23,0.06788
,2018-03-27,-23,0.07738
,2018-03-28,-23,0.14698
,2018-03-29,-23,0.15497
,2018-03-30,-23,0.14844
,2018-03-31,-23,0.14126
,2018-04-01,-23,0.13152
,2018-04-02,-23,0.12434
,2018-04-03,-23,0.11985
,2018-04-04,-23,0.12354
,2018-04-05,-23,0.13001
,2018-04-06,-23,0.13587
,2018-04-07,-23,0.13486
,2018-04-08,-23,0.20924
,2018-04-09,-23,0.25092
,2018-04-10,-23,0.25676
,2018-04-11,-23,0.24127
,2018-04-12,-23,0.21851
,2018-04-13,-23,0.19461
,2018-04-14,-23,0.17276
,2018-04-15,-23,0.15411
,2018-04-16,-23,0.13853
,2018-04-17,-23,0.12557
,2018-04-18,-23,0.11476
,2018-04-19,-23,0.10571
,2018-04-20,-23,0.09811
,2018-04-21,-23,0.09165
,2018-04-22,-23,0.08609
,2018-04-23,-23,0.08131
,2018-04-24,-23,0.0831
,2018-04-25,-23,0.08273
,2018-04-26,-23,0.11986
,2018-04-27,-23,0.15997
,2018-04-28,-23,0.19005
,2018-04-29,-23,0.21544
,2018-04-30,-23,0.2548
,2018-05-01,-23,0.31232
,2018-05-02,-23,0.45926
,2018-05-03,-23,0.71338
,2018-05-04,-23,0.66993
,2018-05-05,-23,0.58388
,2018-05-06,-23,0.50344
,2018-05-07,-23,0.43592
,2018-05-08,-23,0.38452
,2018-05-09,-23,0.35102
,2018-05-10,-23,0.33544
,2018-05-11,-23,0.37405
,2018-05-12,-23,0.50747
,2018-05-13,-23,0.722
,2018-05-14,-23,0.91532
,2018-05-15,-23,0.98323
,2018-05-16,-23,0.92643
,2018-05-17,-23,0.80583
,2018-05-18,-23,0.67497
,2018-05-19,-23,0.71402
,2018-05-20,-23,0.62793
,2018-05-21,-23,0.52226
,2018-05-22,-23,0.45591
,2018-05-23,-23,0.41471
,2018-05-24,-23,0.37018
,2018-05-25,-23,0.33576
,2018-05-26,-23,0.31156
,2018-05-27,-23,0.30054
,2018-05-28,-23,0.29157
,2018-05-29,-23,0.28597
,2018-05-30,-23,0.28394
,2018-05-31,-23,0.2826
,2018-06-01,-23,0.27947
,2018-06-02,-23,0.27364
,2018-06-03,-23,0.26556
,2018-06-04,-23,0.25616
,2018-06-05,-23,0.24613
,2018-06-06,-23,0.23572
,2018-06-07,-23,0.22479
,2018-06-08,-23,0.21322
,2018-06-09,-23,0.20113
,2018-06-10,-23,0.18887
,2018-06-11,-23,0.17686
,2018-06-12,-23,0.16544
,2018-06-13,-23,0.1548
,2018-06-14,-23,0.14505
,2018-06-15,-23,0.13617
,2018-06-16,-23,0.12811
,2018-06-17,-23,0.13672
,2018-06-18,-23,0.27942
,2018-06-19,-23,0.27373
,2018-06-20,-23,0.23867
,2018-06-21,-23,0.20709
,2018-06-22,-23,0.18266
,2018-06-23,-23,0.16529
,2018-06-24,-23,0.15592
,2018-06-25,-23,0.15027
,2018-06-26,-23,0.14217
,2018-06-27,-23,0.13308
,2018-06-28,-23,0.1247
,2018-06-29,-23,0.11709
,2018-06-30,-23,0.11016
,2018-07-01,-23,0.1038
,2018-07-02,-23,0.09796
,2018-07-03,-23,0.09249
,2018-07-04,-23,0.0874
,2018-07-05,-23,0.08264
,2018-07-06,-23,0.07818
,2018-07-07,-23,0.07398
,2018-07-08,-23,0.07003
,2018-07-09,-23,0.06632
,2018-07-10,-23,0.06282
,2018-07-11,-23,0.05951
,2018-07-12,-23,0.0564
,2018-07-13,-23,0.05346
,2018-07-14,-23,0.05068
,2018-07-15,-23,0.04806
,2018-07-16,-23,0.04559
,2018-07-17,-23,0.04325
,2018-07-18,-23,0.04104
,2018-07-19,-23,0.03895
,2018-07-20,-23,0.03699
,2018-07-21,-23,0.03512
,2018-07-22,-23,0.03336
,2018-07-23,-23,0.03856
,2018-07-24,-23,0.03786
,2018-07-25,-23,0.0406
,2018-07-26,-23,0.03951
,2018-07-27,-23,0.03695
,2018-07-28,-23,0.03401
,2018-07-29,-23,0.03123
,2018-07-30,-23,0.02907
,2018-07-31,-23,0.02693
,2018-08-01,-23,0.02494
,2018-08-02,-23,0.0232
,2018-08-03,-23,0.02168
,2018-08-04,-23,0.02033
,2018-08-05,-23,0.01912
,2018-08-06,-23,0.01804
,2018-08-07,-23,0.01705
,2018-08-08,-23,0.01615
,2018-08-09,-23,0.01532
,2018-08-10,-23,0.01455
,2018-08-11,-23,0.01384
,2018-08-12,-23,0.01318
,2018-08-13,-23,0.01256
,2018-08-14,-23,0.01198
,2018-08-15,-23,0.01143
,2018-08-16,-23,0.01091
,2018-08-17,-23,0.01043
,2018-08-18,-23,0.00997
,2018-08-19,-23,0.00954
,2018-08-20,-23,0.00913
,2018-08-21,-23,0.00874
,2018-08-22,-23,0.00837
,2018-08-23,-23,0.00803
,2018-08-24,-23,0.0077
,2018-08-25,-23,0.00738
,2018-08-26,-23,0.00708
,2018-08-27,-23,0.0068
,2018-08-28,-23,0.00653
,2018-08-29,-23,0.00627
,2018-08-30,-23,0.00603
,2018-08-31,-23,0.00579
,2018-09-01,-23,0.00557
,2018-09-02,-23,0.00536
,2018-09-03,-23,0.00516
,2018-09-04,-23,0.00497
,2018-09-05,-23,0.00478
,2018-09-06,-23,0.00461
,2018-09-07,-23,0.00444
,2018-09-08,-23,0.00428
,2018-09-09,-23,0.00413
,2018-09-10,-23,0.00399
,2018-09-11,-23,0.00385
,2018-09-12,-23,0.00371
,2018-09-13,-23,0.00359
,2018-09-14,-23,0.00346
,2018-09-15,-23,0.00335
,2018-09-16,-23,0.00324
,2018-09-17,-23,0.00313
,2018-09-18,-23,0.00303
,2018-09-19,-23,0.00293
,2018-09-20,-23,0.00284
,2018-09-21,-23,0.00275
,2018-09-22,-23,0.00266
,2018-09-23,-23,0.00258
,2018-09-24,-23,0.0025
,2018-09-25,-23,0.00243
,2018-09-26,-23,0.00235
,2018-09-27,-23,0.00228
,2018-09-28,-23,0.00222
,2018-09-29,-23,0.00215
,2018-09-30,-23,0.00209
,2018-10-01,-23,0.00203
,2018-10-02,-23,0.00198
,2018-10-03,-23,0.00192
,2018-10-04,-23,0.00187
,2018-10-05,-23,0.00182
,2018-10-06,-23,0.00177
,2018-10-07,-23,0.00172
,2018-10-08,-23,0.00168
,2018-10-09,-23,0.00333
,2018-10-10,-23,0.00461
,2018-10-11,-23,0.00449
,2018-10-12,-23,0.01122
,2018-10-13,-23,0.12317
,2018-10-14,-23,0.16836
,2018-10-15,-23,0.17815
,2018-10-16,-23,0.17436
,2018-10-17,-23,0.21116
,2018-10-18,-23,0.22378
,2018-10-19,-23,0.22613
,2018-10-20,-23,0.22016
,2018-10-21,-23,0.20922
,2018-10-22,-23,0.1991
,2018-10-23,-23,0.19279
,2018-10-24,-23,0.18848
,2018-10-25,-23,0.18107
,2018-10-26,-23,0.17245
,2018-10-27,-23,0.16384
,2018-10-28,-23,0.15548
,2018-10-29,-23,0.14739
,2018-10-30,-23,0.1396
,2018-10-31,-23,0.13217
,2018-11-01,-23,0.1251
,2018-11-02,-23,0.11842
,2018-11-03,-23,0.11228
,2018-11-04,-23,0.10685
,2018-11-05,-23,0.10207
,2018-11-06,-23,0.09773
,2018-11-07,-23,0.09384
,2018-11-08,-23,0.09074
,2018-11-09,-23,0.08758
,2018-11-10,-23,0.08404
,2018-11-11,-23,0.08522
,2018-11-12,-23,0.08302
,2018-11-13,-23,0.07882
,2018-11-14,-23,0.08
,2018-11-15,-23,0.10395
,2018-11-16,-23,0.11745
,2018-11-17,-23,0.12342
,2018-11-18,-23,0.12401
,2018-11-19,-23,0.12625
,2018-11-20,-23,0.13646
,2018-11-21,-23,0.13607
,2018-11-22,-23,0.13169
,2018-11-23,-23,0.12634
,2018-11-24,-23,0.12145
,2018-11-25,-23,0.11718
,2018-11-26,-23,0.11341
,2018-11-27,-23,0.10951
,2018-11-28,-23,0.1047
,2018-11-29,-23,0.09944
,2018-11-30,-23,0.0944
,2018-12-01,-23,0.08981
,2018-12-02,-23,0.0857
,2018-12-03,-23,0.08198
,2018-12-04,-23,0.0785
,2018-12-05,-23,0.07424
,2018-12-06,-23,0.06971
,2018-12-07,-23,0.06528
,2018-12-08,-23,0.06112
,2018-12-09,-23,0.05729
,2018-12-10,-23,0.05379
,2018-12-11,-23,0.05058
,2018-12-12,-23,0.04769
,2018-12-13,-23,0.04504
,2018-12-14,-23,0.04258
,2018-12-15,-23,0.04029
,2018-12-16,-23,0.03814
,2018-12-17,-23,0.03611
,2018-12-18,-23,0.03422
,2018-12-19,-23,0.03245
,2018-12-20,-23,0.03081
,2018-12-21,-23,0.0293
,2018-12-22,-23,0.02791
,2018-12-23,-23,0.02661
,2018-12-24,-23,0.02539
,2018-12-25,-23,0.02425
,2018-12-26,-23,0.02318
,2018-12-27,-23,0.02215
,2018-12-28,-23,0.02117
,2018-12-29,-23,0.02022
,2018-12-30,-23,0.01932
,2018-12-31,-23,0.01845
,2019-01-01,-23,0.01762
,2019-01-02,-23,0.01681
,2019-01-03,-23,0.01605
,2019-01-04,-23,0.01531
,2019-01-05,-23,0.01462
,2019-01-06,-23,0.01396
,2019-01-07,-23,0.01334
,2019-01-08,-23,0.01275
,2019-01-09,-23,0.01218
,2019-01-10,-23,0.01164
,2019-01-11,-23,0.01131
,2019-01-12,-23,0.01085
,2019-01-13,-23,0.01798
,2019-01-14,-23,0.01873
,2019-01-15,-23,0.01764
,2019-01-16,-23,0.01644
,2019-01-17,-23,0.01659
,2019-01-18,-23,0.01727
,2019-01-19,-23,0.01776
,2019-01-20,-23,0.01782
,2019-01-21,-23,0.01802
,2019-01-22,-23,0.01812
,2019-01-23,-23,0.01799
,2019-01-24,-23,0.01758
,2019-01-25,-23,0.01693
,2019-01-26,-23,0.01612
,2019-01-27,-23,0.02332
,2019-01-28,-23,0.02378
,2019-01-29,-23,0.02269
,2019-01-30,-23,0.02119
,2019-01-31,-23,0.02177
,2019-02-01,-23,0.04376
,2019-02-02,-23,0.05412
,2019-02-03,-23,0.05868
,2019-02-04,-23,0.06024
,2019-02-05,-23,0.06087
,2019-02-06,-23,0.06125
,2019-02-07,-23,0.06142
,2019-02-08,-23,0.06197
,2019-02-09,-23,0.06135
,2019-02-10,-23,0.05942
,2019-02-11,-23,0.0565
,2019-02-12,-23,0.05299
,2019-02-13,-23,0.04925
,2019-02-14,-23,0.04558
,2019-02-15,-23,0.04227
,2019-02-16,-23,0.03951
,2019-02-17,-23,0.03683
,2019-02-18,-23,0.03424
,2019-02-19,-23,0.03178
,2019-02-20,-23,0.02951
,2019-02-21,-23,0.02742
,2019-02-22,-23,0.02552
,2019-02-23,-23,0.02379
,2019-02-24,-23,0.02221
,2019-02-25,-23,0.02078
,2019-02-26,-23,0.01947
,2019-02-27,-23,0.01828
,2019-02-28,-23,0.01717
,2019-03-01,-23,0.01616
,2019-03-02,-23,0.01533
,2019-03-03,-23,0.01458
,2019-03-04,-23,0.01387
,2019-03-05,-23,0.01319
,2019-03-06,-23,0.01252
,2019-03-07,-23,0.01188
,2019-03-08,-23,0.01127
,2019-03-09,-23,0.01157
,2019-03-10,-23,0.01221
,2019-03-11,-23,0.01336
,2019-03-12,-23,0.01504
,2019-03-13,-23,0.56725
,2019-03-14,-23,0.60922
,2019-03-15,-23,0.47369
,2019-03-16,-23,0.37401
,2019-03-17,-23,0.33915
,2019-03-18,-23,0.32225
,2019-03-19,-23,0.33596
,2019-03-20,-23,0.33381
,2019-03-21,-23,0.34068
,2019-03-22,-23,0.36944
,2019-03-23,-23,0.40324
,2019-03-24,-23,0.41636
,2019-03-25,-23,0.42315
,2019-03-26,-23,0.42496
,2019-03-27,-23,0.4151
,2019-03-28,-23,0.40417
,2019-03-29,-23,0.40113
,2019-03-30,-23,0.3963
,2019-03-31,-23,0.38233
,2019-04-01,-23,0.36102
,2019-04-02,-23,0.34484
,2019-04-03,-23,0.32555
,2019-04-04,-23,0.30635
,2019-04-05,-23,0.29175
,2019-04-06,-23,0.29041
,2019-04-07,-23,0.31638
,2019-04-08,-23,0.36994
,2019-04-09,-23,0.42545
,2019-04-10,-23,0.45625
,2019-04-11,-23,0.45748
,2019-04-12,-23,0.43802
,2019-04-13,-23,0.40959
,2019-04-14,-23,0.38024
,2019-04-15,-23,0.3883
,2019-04-16,-23,0.3943
,2019-04-17,-23,0.38765
,2019-04-18,-23,0.36992
,2019-04-19,-23,0.34552
,2019-04-20,-23,0.31903
,2019-04-21,-23,0.29358
,2019-04-22,-23,0.27074
,2019-04-23,-23,0.25109
,2019-04-24,-23,0.23447
,2019-04-25,-23,0.22049
,2019-04-26,-23,0.20857
,2019-04-27,-23,0.19819
,2019-04-28,-23,0.18889
,2019-04-29,-23,0.18027
,2019-04-30,-23,0.17202
,2019-05-01,-23,0.16428
,2019-05-02,-23,0.16396
,2019-05-03,-23,0.19185
,2019-05-04,-23,0.21206
,2019-05-05,-23,0.21667
,2019-05-06,-23,0.20908
,2019-05-07,-23,0.19691
,2019-05-08,-23,0.31178
,2019-05-09,-23,0.40959
,2019-05-10,-23,0.36213
,2019-05-11,-23,0.32199
,2019-05-12,-23,0.324
,2019-05-13,-23,0.35202
,2019-05-14,-23,0.38481
,2019-05-15,-23,0.43011
,2019-05-16,-23,0.49014
,2019-05-17,-23,0.60051
,2019-05-18,-23,0.7303
,2019-05-19,-23,0.82141
,2019-05-20,-23,0.84573
,2019-05-21,-23,0.80835
,2019-05-22,-23,0.87545
,2019-05-23,-23,0.76413
,2019-05-24,-23,0.62858
,2019-05-25,-23,0.52147
,2019-05-26,-23,0.44633
,2019-05-27,-23,0.40403
,2019-05-28,-23,0.39391
,2019-05-29,-23,0.37102
,2019-05-30,-23,0.34751
,2019-05-31,-23,0.32417
,2019-06-01,-23,0.30087
,2019-06-02,-23,0.27968
,2019-06-03,-23,0.26532
,2019-06-04,-23,0.2528
,2019-06-05,-23,0.25309
,2019-06-06,-23,0.28675
,2019-06-07,-23,0.39376
,2019-06-08,-23,0.59413
,2019-06-09,-23,0.83926
,2019-06-10,-23,1.05349
,2019-06-11,-23,1.18431
,2019-06-12,-23,1.2326
,2019-06-13,-23,1.18089
,2019-06-14,-23,1.05332
,2019-06-15,-23,0.8935
,2019-06-16,-23,0.73759
,2019-06-17,-23,0.61081
,2019-06-18,-23,0.50076
,2019-06-19,-23,0.41565
,2019-06-20,-23,0.35137
,2019-06-21,-23,0.41773
,2019-06-22,-23,0.40782
,2019-06-23,-23,0.35497
,2019-06-24,-23,0.30837
,2019-06-25,-23,0.27387
,2019-06-26,-23,0.24952
,2019-06-27,-23,0.23526
,2019-06-28,-23,0.22189
,2019-06-29,-23,0.21027
,2019-06-30,-23,0.20111
,2019-07-01,-23,0.19408
,2019-07-02,-23,0.18905
,2019-07-03,-23,0.18591
,2019-07-04,-23,0.18457
,2019-07-05,-23,0.18492
,2019-07-06,-23,0.18677
,2019-07-07,-23,0.18982
,2019-07-08,-23,0.19375
,2019-07-09,-23,0.19775
,2019-07-10,-23,0.20064
,2019-07-11,-23,0.20147
,2019-07-12,-23,0.19988
,2019-07-13,-23,0.19583
,2019-07-14,-23,0.18944
,2019-07-15,-23,0.181
,2019-07-16,-23,0.17106
,2019-07-17,-23,0.16034
,2019-07-18,-23,0.14949
,2019-07-19,-23,0.13903
,2019-07-20,-23,0.12926
,2019-07-21,-23,0.12033
,2019-07-22,-23,0.11226
,2019-07-23,-23,0.10502
,2019-07-24,-23,0.09853
,2019-07-25,-23,0.09266
,2019-07-26,-23,0.08736
,2019-07-27,-23,0.08253
,2019-07-28,-23,0.07811
,2019-07-29,-23,0.07403
,2019-07-30,-23,0.07024
,2019-07-31,-23,0.06671
,2019-08-01,-23,0.06341
,2019-08-02,-23,0.06031
,2019-08-03,-23,0.05738
,2019-08-04,-23,0.05462
,2019-08-05,-23,0.05202
,2019-08-06,-23,0.04955
,2019-08-07,-23,0.04721
,2019-08-08,-23,0.045
,2019-08-09,-23,0.0429
,2019-08-10,-23,0.04089
,2019-08-11,-23,0.03901
,2019-08-12,-23,0.03721
,2019-08-13,-23,0.0355
,2019-08-14,-23,0.03388
,2019-08-15,-23,0.03234
,2019-08-16,-23,0.03087
,2019-08-17,-23,0.02948
,2019-08-18,-23,0.02815
,2019-08-19,-23,0.02689
,2019-08-20,-23,0.02569
,2019-08-21,-23,0.02456
,2019-08-22,-23,0.02347
,2019-08-23,-23,0.02244
,2019-08-24,-23,0.02146
,2019-08-25,-23,0.02053
,2019-08-26,-23,0.01964
,2019-08-27,-23,0.0188
,2019-08-28,-23,0.01799
,2019-08-29,-23,0.01723
,2019-08-30,-23,0.0165
,2019-08-31,-23,0.0158
,2019-09-01,-23,0.01514
,2019-09-02,-23,0.01451
,2019-09-03,-23,0.01391
,2019-09-04,-23,0.01334
,2019-09-05,-23,0.01279
,2019-09-06,-23,0.01227
,2019-09-07,-23,0.01178
,2019-09-08,-23,0.01131
,2019-09-09,-23,0.01086
,2019-09-10,-23,0.01043
,2019-09-11,-23,0.01002
,2019-09-12,-23,0.00963
,2019-09-13,-23,0.00925
,2019-09-14,-23,0.00889
,2019-09-15,-23,0.00855
,2019-09-16,-23,0.00823
,2019-09-17,-23,0.00792
,2019-09-18,-23,0.00763
,2019-09-19,-23,0.00735
,2019-09-20,-23,0.00708
,2019-09-21,-23,0.00682
,2019-09-22,-23,0.00657
,2019-09-23,-23,0.00634
,2019-09-24,-23,0.00611
,2019-09-25,-23,0.0059
,2019-09-26,-23,0.00569
,2019-09-27,-23,0.00549
,2019-09-28,-23,0.0053
,2019-09-29,-23,0.00512
,2019-09-30,-23,0.00495
,2019-10-01,-23,0.00478
,2019-10-02,-23,0.00462
,2019-10-03,-23,0.00447
,2019-10-04,-23,0.00432
,2019-10-05,-23,0.00418
,2019-10-06,-23,0.00405
,2019-10-07,-23,0.00392
,2019-10-08,-23,0.00379
,2019-10-09,-23,0.00367
,2019-10-10,-23,0.00356
,2019-10-11,-23,0.00345
,2019-10-12,-23,0.00334
,2019-10-13,-23,0.00325
,2019-10-14,-23,0.00316
,2019-10-15,-23,0.00308
,2019-10-16,-23,0.00301
,2019-10-17,-23,0.00293
,2019-10-18,-23,0.00286
,2019-10-19,-23,0.00279
,2019-10-20,-23,0.00273
,2019-10-21,-23,0.00266
,2019-10-22,-23,0.0026
,2019-10-23,-23,0.00254
,2019-10-24,-23,0.0025
,2019-10-25,-23,0.00394
,2019-10-26,-23,0.00889
,2019-10-27,-23,0.0361
,2019-10-28,-23,0.05485
,2019-10-29,-23,0.06716
,2019-10-30,-23,0.07353
,2019-10-31,-23,0.07534
,2019-11-01,-23,0.07406
,2019-11-02,-23,0.07092
,2019-11-03,-23,0.12521
,2019-11-04,-23,0.20931
,2019-11-05,-23,0.23061
,2019-11-06,-23,0.22477
,2019-11-07,-23,0.21373
,2019-11-08,-23,0.20227
,2019-11-09,-23,0.1918
,2019-11-10,-23,0.18334
,2019-11-11,-23,0.17638
,2019-11-12,-23,0.16644
,2019-11-13,-23,0.15483
,2019-11-14,-23,0.14367
,2019-11-15,-23,0.13367
,2019-11-16,-23,0.1249
,2019-11-17,-23,0.11735
,2019-11-18,-23,0.11106
,2019-11-19,-23,0.10617
,2019-11-20,-23,0.10308
,2019-11-21,-23,0.10193
,2019-11-22,-23,0.1027
,2019-11-23,-23,0.1044
,2019-11-24,-23,0.11685
,2019-11-25,-23,0.27251
,2019-11-26,-23,0.28026
,2019-11-27,-23,0.25833
,2019-11-28,-23,0.23331
,2019-11-29,-23,0.21119
,2019-11-30,-23,0.19256
,2019-12-01,-23,0.17692
,2019-12-02,-23,0.16364
,2019-12-03,-23,0.30178
,2019-12-04,-23,0.35748
,2019-12-05,-23,0.38866
,2019-12-06,-23,0.38741
,2019-12-07,-23,0.36332
,2019-12-08,-23,0.33375
,2019-12-09,-23,0.30655
,2019-12-10,-23,0.28255
,2019-12-11,-23,0.26119
,2019-12-12,-23,0.24229
,2019-12-13,-23,0.22658
,2019-12-14,-23,0.2133
,2019-12-15,-23,0.20059
,2019-12-16,-23,0.19162
,2019-12-17,-23,0.18262
,2019-12-18,-23,0.1744
,2019-12-19,-23,0.16644
,2019-12-20,-23,0.15834
,2019-12-21,-23,0.1505
,2019-12-22,-23,0.14372
,2019-12-23,-23,0.13926
,2019-12-24,-23,0.13841
,2019-12-25,-23,0.14094
,2019-12-26,-23,0.14499
,2019-12-27,-23,0.14828
,2019-12-28,-23,0.14927
,2019-12-29,-23,0.14761
,2019-12-30,-23,0.14376
,2019-12-31,-23,0.13852
